FIPS,state,census_region,Sentiment,Functionality,Location,Availability,Dealership,Cost,User Interactions,Service Time,Range Anxiety
1003,AL,South,61.11,38.89,38.89,11.11,33.33,0,0,33.33,11.11
1013,AL,South,100,22.22,66.67,11.11,11.11,0,0,11.11,11.11
1015,AL,South,75,37.5,50,12.5,37.5,12.5,25,0,0
1021,AL,South,60,20,60,20,20,0,0,0,20
1031,AL,South,100,0,100,0,0,0,0,0,0
1039,AL,South,100,0,100,0,0,0,33.33,0,0
1043,AL,South,100,33.33,33.33,0,16.67,0,0,0,0
1045,AL,South,0,0,0,100,0,0,0,0,0
1055,AL,South,33.33,66.67,100,0,33.33,33.33,0,0,0
1069,AL,South,100,50,50,0,25,0,0,25,0
1073,AL,South,60.44,52.75,31.87,12.09,17.58,5.49,4.4,10.99,4.4
1077,AL,South,50,100,0,0,50,0,0,0,0
1081,AL,South,82.61,34.78,60.87,8.7,17.39,4.35,0,21.74,8.7
1087,AL,South,100,100,100,0,0,0,100,0,0
1089,AL,South,46.97,63.64,22.73,9.09,21.21,13.64,6.06,9.09,0
1095,AL,South,100,50,50,0,0,0,0,0,0
1097,AL,South,73.68,26.32,63.16,5.26,15.79,0,5.26,5.26,10.53
1101,AL,South,54.05,35.14,37.84,13.51,16.22,8.11,5.41,10.81,2.7
1103,AL,South,85.71,42.86,42.86,14.29,14.29,14.29,14.29,0,0
1109,AL,South,100,0,100,0,100,0,0,0,0
1117,AL,South,50,0,50,0,0,0,0,0,0
1121,AL,South,66.67,16.67,50,0,50,16.67,16.67,0,0
1123,AL,South,0,0,0,0,0,0,0,0,0
1125,AL,South,72.73,27.27,45.45,36.36,18.18,0,0,0,0
2090,AK,West,50,100,0,0,0,0,50,0,0
2240,AK,West,100,0,0,0,0,0,0,0,0
4003,AZ,West,100,62.5,62.5,0,0,0,0,50,0
4005,AZ,West,72.09,25.58,55.81,11.63,23.26,11.63,2.33,23.26,9.3
4007,AZ,West,25,75,0,0,50,25,0,50,25
4009,AZ,West,0,100,100,0,100,0,0,100,0
4012,AZ,West,66.67,40.35,36.84,21.05,12.28,3.51,7.02,21.05,14.04
4013,AZ,West,47.11,67.51,28.84,17.69,11.34,10.18,6.68,6.79,0.87
4015,AZ,West,83.02,43.4,60.38,3.77,15.09,16.98,5.66,30.19,9.43
4017,AZ,West,81.82,4.55,63.64,4.55,18.18,4.55,9.09,22.73,13.64
4019,AZ,West,47.37,68.05,33.46,14.29,12.78,16.54,3.38,9.77,3.76
4021,AZ,West,48.67,85.84,25.66,8.85,10.62,7.08,7.96,12.39,4.42
4023,AZ,West,75,100,75,0,50,0,0,25,0
4025,AZ,West,82.35,32.35,73.53,2.94,26.47,14.71,5.88,14.71,2.94
4027,AZ,West,78.57,46.43,78.57,0,10.71,3.57,3.57,35.71,3.57
5007,AR,South,100,60,80,0,0,20,0,20,0
5031,AR,South,100,0,100,0,100,50,50,50,50
5033,AR,South,100,0,100,0,100,0,0,0,0
5045,AR,South,100,66.67,0,0,0,33.33,66.67,66.67,0
5047,AR,South,100,100,0,0,0,0,0,0,0
5091,AR,South,100,0,0,0,0,100,0,0,0
5115,AR,South,0,0,50,0,0,0,0,0,0
5119,AR,South,69.23,69.23,19.23,3.85,0,11.54,15.38,0,0
5143,AR,South,80,60,40,10,20,10,10,20,0
6001,CA,West,49.92,59.69,24.29,17.37,10.48,10.92,9.22,3.52,0.99
6005,CA,West,50,79.17,29.17,8.33,8.33,8.33,12.5,16.67,4.17
6007,CA,West,70.59,50.98,37.25,9.8,19.61,21.57,1.96,9.8,5.88
6009,CA,West,75,75,75,0,50,0,0,0,0
6011,CA,West,88.89,33.33,77.78,0,0,11.11,0,0,0
6013,CA,West,52.92,62.77,27.37,16.6,10.46,9.78,6.07,2.5,0.76
6015,CA,West,58.33,41.67,50,8.33,16.67,16.67,8.33,8.33,0
6017,CA,West,55.86,61.26,36.04,24.32,19.82,12.61,8.11,6.31,7.21
6019,CA,West,56.6,49.31,35.76,21.53,17.36,6.6,7.99,13.54,4.86
6021,CA,West,82.22,55.56,44.44,4.44,28.89,11.11,11.11,40,6.67
6023,CA,West,63.46,56.73,52.88,10.58,22.12,13.46,5.77,10.58,0.96
6025,CA,West,100,16.67,50,0,0,0,16.67,16.67,0
6027,CA,West,57.14,57.14,64.29,14.29,35.71,7.14,7.14,21.43,7.14
6029,CA,West,63.96,51.95,37.99,17.53,10.06,6.17,4.55,17.21,3.57
6031,CA,West,25,100,25,25,0,0,0,0,0
6033,CA,West,66.67,0,33.33,33.33,33.33,33.33,33.33,0,0
6037,CA,West,50.48,43.02,24.24,27.47,14.95,9.3,18.38,2.37,1.11
6039,CA,West,63.64,45.45,39.39,9.09,21.21,6.06,15.15,18.18,6.06
6041,CA,West,47.93,63.83,25.16,17.76,8.06,10.13,7.41,3.05,0.98
6043,CA,West,61.82,54.55,32.73,21.82,23.64,7.27,12.73,21.82,5.45
6045,CA,West,76.47,41.18,64.71,18.82,16.47,17.65,11.76,15.29,5.88
6047,CA,West,51.85,48.15,38.89,14.81,29.63,7.41,14.81,3.7,11.11
6051,CA,West,53.33,46.67,33.33,6.67,26.67,6.67,26.67,20,0
6053,CA,West,69.4,49.57,39.83,16.41,15.04,15.9,11.45,9.91,2.74
6055,CA,West,65.84,60.25,40.99,11.49,9.01,15.22,5.28,8.39,0.93
6057,CA,West,77.46,43.66,54.93,14.08,19.72,5.63,0,15.49,4.23
6059,CA,West,52.88,51.38,19.91,24.22,17.16,8.19,15.84,3.85,1.8
6061,CA,West,57.35,49.37,33.4,23.32,17.02,6.3,8.82,5.04,4.2
6063,CA,West,100,40,60,0,20,40,40,40,20
6065,CA,West,65.03,47.06,32,23.87,18.6,9.8,10.01,6.25,2.4
6067,CA,West,54.72,55.32,26.59,25.73,12.78,10.72,7.55,3.77,1.37
6069,CA,West,54.55,72.73,31.82,9.09,4.55,4.55,9.09,4.55,4.55
6071,CA,West,56.47,50.96,23.64,19.17,13.72,9.7,16.03,5.79,3.36
6073,CA,West,47.97,57.29,26.85,22.82,10.55,10.7,8.62,5.29,1.24
6075,CA,West,50.47,53.49,34.32,21.75,11.31,12.82,10.25,2.64,0.75
6077,CA,West,65.35,53.15,38.58,12.99,14.96,9.45,11.02,7.87,2.76
6079,CA,West,76.35,40.87,48.13,21.99,17.63,10.17,6.22,14.32,2.9
6081,CA,West,49.73,68.99,21.2,13.13,11.32,10.28,9.3,1.88,1.48
6083,CA,West,67.73,47.71,39.5,15.58,14.05,11.13,9.6,10.57,1.81
6085,CA,West,46.75,63.89,21.26,19.54,13.35,11.14,8.24,2.84,1.16
6087,CA,West,49.09,62.35,29.19,19.24,11.11,13.27,9.12,2.16,1.49
6089,CA,West,77.5,45,75,10,25,15,7.5,17.5,7.5
6093,CA,West,70.65,41.3,44.57,13.04,16.3,8.7,4.35,21.74,3.26
6095,CA,West,52.49,69.7,24.44,11.1,7.73,8.73,6.61,5.36,2
6097,CA,West,55.16,61.24,37.57,14.81,13.36,13.49,4.89,4.37,1.06
6099,CA,West,66.29,42.7,62.92,13.48,17.98,17.98,8.99,10.11,10.11
6101,CA,West,0,0,0,0,0,0,0,0,0
6103,CA,West,79.17,27.08,43.75,18.75,4.17,8.33,6.25,20.83,0
6107,CA,West,41.94,72.58,43.55,8.06,14.52,8.06,3.23,6.45,6.45
6109,CA,West,66.67,33.33,54.55,12.12,30.3,9.09,9.09,21.21,0
6111,CA,West,59.15,53.45,28.82,18.92,11.47,11.22,13.91,4.57,1.94
6113,CA,West,56.8,73.63,21.7,9.94,13.18,7.91,6.9,2.43,2.43
6115,CA,West,100,100,33.33,0,0,0,0,0,0
8001,CO,West,54.2,62.6,41.22,16.03,18.32,8.4,7.63,2.29,6.11
8005,CO,West,54.95,74.75,23.76,20.3,25.25,2.97,2.48,2.97,1.49
8007,CO,West,100,50,83.33,0,16.67,0,0,33.33,0
8013,CO,West,52.8,66.13,30.13,15.47,12,10.4,5.07,3.73,2.13
8014,CO,West,86.21,41.38,44.83,10.34,24.14,13.79,0,3.45,3.45
8015,CO,West,91.67,41.67,75,0,25,8.33,8.33,25,0
8019,CO,West,60,35,35,10,20,5,10,5,0
8031,CO,West,49.74,46.63,32.64,27.2,9.07,9.84,5.7,3.11,1.3
8035,CO,West,51.43,60,27.14,22.14,15,7.86,5,4.29,0
8037,CO,West,59.26,25.93,48.15,33.33,14.81,22.22,11.11,14.81,0
8041,CO,West,58.46,50,35.38,23.08,19.23,11.54,10.77,4.62,1.54
8045,CO,West,59.46,24.32,51.35,45.95,8.11,0,10.81,13.51,5.41
8049,CO,West,75,50,25,0,0,25,0,25,0
8051,CO,West,100,0,100,0,0,0,100,0,0
8053,CO,West,100,0,0,0,100,100,0,0,0
8059,CO,West,57.86,49.69,34.59,16.35,6.92,11.32,5.66,2.52,0.63
8063,CO,West,50,50,50,0,0,0,0,50,0
8067,CO,West,77.78,33.33,55.56,44.44,22.22,22.22,0,33.33,0
8069,CO,West,56.16,73.27,18.02,6.61,19.52,11.41,6.31,6.01,2.7
8073,CO,West,76.92,30.77,46.15,7.69,7.69,0,7.69,15.38,7.69
8077,CO,West,75.76,24.24,54.55,18.18,18.18,3.03,0,15.15,6.06
8085,CO,West,62.5,50,62.5,12.5,37.5,12.5,0,12.5,12.5
8091,CO,West,90,70,60,20,20,0,20,10,0
8097,CO,West,83.33,50,66.67,0,50,16.67,16.67,16.67,0
8101,CO,West,52.94,35.29,52.94,23.53,11.76,23.53,5.88,0,0
8105,CO,West,100,0,100,0,0,0,100,0,0
8107,CO,West,100,50,50,0,50,0,0,0,0
8113,CO,West,60,60,40,20,10,20,0,40,0
8117,CO,West,60.42,45.83,45.83,18.75,6.25,14.58,2.08,18.75,2.08
8119,CO,West,80,20,60,40,40,0,20,0,0
8123,CO,West,73.08,46.15,42.31,15.38,34.62,7.69,3.85,7.69,7.69
9001,CT,Northeast,60.18,55.84,31.12,21.05,11.67,7.55,7.78,6.64,2.75
9003,CT,Northeast,52.72,51.63,46.2,16.58,13.04,8.97,11.14,3.53,4.08
9005,CT,Northeast,70.59,50,58.82,0,8.82,14.71,5.88,8.82,2.94
9007,CT,Northeast,51.19,59.52,48.81,21.43,17.86,3.57,9.52,4.76,5.95
9009,CT,Northeast,57.26,63.49,29.46,9.54,18.26,7.47,3.73,10.37,3.32
9011,CT,Northeast,64.71,33.82,57.35,8.82,25,14.71,7.35,16.18,0
9013,CT,Northeast,44,60,34,14,4,8,14,6,0
9015,CT,Northeast,73.91,60.87,32.61,13.04,6.52,2.17,4.35,15.22,0
10001,DE,South,61.54,23.08,30.77,23.08,46.15,15.38,15.38,15.38,15.38
10003,DE,South,60.8,48.24,33.67,25.63,17.59,4.52,4.52,14.57,5.03
10005,DE,South,53.12,32.81,48.44,29.69,15.62,7.81,6.25,10.94,3.12
11001,DC,South,52.06,49.15,41.16,19.61,7.51,21.07,9.69,2.66,0
12001,FL,South,70.83,47.92,50,14.58,18.75,27.08,4.17,8.33,2.08
12005,FL,South,50,41.67,75,16.67,8.33,0,8.33,0,0
12009,FL,South,56.35,50.25,40.1,14.72,13.2,8.12,7.11,2.54,1.52
12011,FL,South,45.98,47.1,40.93,26.73,20.19,9.72,9.53,3.74,0.56
12015,FL,South,66.67,0,66.67,0,33.33,0,0,0,0
12017,FL,South,100,16.67,100,0,33.33,0,0,0,0
12021,FL,South,85.19,29.63,29.63,14.81,55.56,7.41,3.7,25.93,0
12023,FL,South,67.86,32.14,67.86,3.57,10.71,0,3.57,14.29,7.14
12027,FL,South,100,0,0,0,100,0,0,0,0
12031,FL,South,54.7,58.12,35.04,8.55,20.51,16.24,3.42,3.42,0
12033,FL,South,71.43,35.71,64.29,28.57,35.71,0,0,7.14,0
12035,FL,South,0,100,0,0,0,0,0,0,0
12051,FL,South,50,0,0,0,0,0,0,0,0
12055,FL,South,90,50,90,10,50,0,0,10,10
12057,FL,South,62.79,57.14,32.56,19.6,9.97,9.3,4.65,9.3,1.66
12061,FL,South,60,60,60,0,20,0,0,0,20
12063,FL,South,100,0,100,0,25,0,0,25,0
12065,FL,South,50,100,100,0,0,100,0,0,0
12069,FL,South,62.12,54.55,28.79,22.73,6.06,4.55,3.03,9.09,1.52
12071,FL,South,54.72,47.17,33.96,11.32,16.98,20.75,1.89,11.32,3.77
12073,FL,South,49.12,73.68,19.3,21.05,12.28,1.75,5.26,8.77,3.51
12081,FL,South,69.39,57.14,38.78,6.12,12.24,2.04,0,8.16,0
12083,FL,South,72.41,31.03,48.28,10.34,13.79,13.79,0,13.79,6.9
12085,FL,South,60,40,80,40,20,0,0,0,0
12086,FL,South,47.26,52.88,37.18,17.44,12.82,12.82,5.76,4.32,1.73
12087,FL,South,64.44,35.56,62.22,11.11,20,4.44,4.44,6.67,2.22
12089,FL,South,50,33.33,66.67,50,66.67,16.67,16.67,33.33,0
12091,FL,South,39.29,42.86,21.43,39.29,10.71,7.14,7.14,0,3.57
12093,FL,South,68.75,43.75,68.75,6.25,25,0,6.25,6.25,6.25
12095,FL,South,58.23,50.27,35.88,20.28,8.94,12.76,4.47,5.56,1.09
12097,FL,South,60.71,55.36,38.39,10.71,6.25,13.39,0.89,3.57,0.89
12099,FL,South,43.73,55.56,38.35,20.79,13.62,10.75,9.32,1.79,1.08
12101,FL,South,50,55,35,5,20,15,10,5,0
12103,FL,South,55.51,50.42,35.59,25.85,9.32,12.71,6.78,4.66,0.42
12105,FL,South,48.44,60.94,29.69,18.75,9.38,7.81,7.81,4.69,0
12107,FL,South,14.29,100,14.29,0,14.29,0,0,0,0
12109,FL,South,55.56,31.11,55.56,20,11.11,0,8.89,6.67,8.89
12111,FL,South,70.45,50,50,11.36,15.91,9.09,4.55,18.18,4.55
12113,FL,South,71.43,28.57,71.43,28.57,14.29,0,14.29,0,0
12115,FL,South,61.76,58.09,39.71,13.24,12.5,16.91,5.88,7.35,0.74
12117,FL,South,59.2,43.2,27.2,18.4,12.8,13.6,2.4,0.8,1.6
12119,FL,South,25,75,25,0,12.5,12.5,12.5,0,0
12127,FL,South,60,45.22,42.61,20,16.52,7.83,8.7,6.09,3.48
12131,FL,South,36.36,25,45.45,52.27,2.27,2.27,9.09,4.55,4.55
13009,GA,South,60,20,60,20,60,0,10,0,10
13013,GA,South,66.67,61.11,33.33,11.11,33.33,16.67,5.56,11.11,16.67
13015,GA,South,40,80,100,0,0,0,40,0,0
13021,GA,South,59.17,44.17,49.17,19.17,18.33,5.83,6.67,8.33,5
13029,GA,South,100,66.67,33.33,0,0,0,0,0,0
13031,GA,South,100,50,66.67,0,0,33.33,0,16.67,0
13039,GA,South,81.82,36.36,45.45,0,18.18,0,9.09,0,0
13043,GA,South,100,42.86,85.71,0,28.57,0,14.29,14.29,14.29
13045,GA,South,53.85,57.69,34.62,23.08,30.77,0,0,3.85,3.85
13051,GA,South,68.42,46.62,49.62,17.29,17.29,16.54,9.77,11.28,2.26
13053,GA,South,100,0,50,0,0,0,50,50,0
13057,GA,South,32.38,45.71,30.48,45.71,7.62,6.67,6.67,1.9,2.86
13059,GA,South,61.06,55.75,25.66,15.93,15.04,10.62,10.62,5.31,2.21
13063,GA,South,50.91,41.82,54.55,20,10.91,3.64,10.91,0,0
13067,GA,South,48.72,60.63,23.82,21.26,17.22,9.55,11.22,2.36,1.87
13073,GA,South,50,70,50,10,10,10,10,10,0
13077,GA,South,52.31,53.85,36.92,27.69,30.77,9.23,7.69,1.54,7.69
13081,GA,South,50,50,50,50,50,0,50,50,0
13085,GA,South,68.42,63.16,21.05,10.53,10.53,0,0,5.26,5.26
13089,GA,South,49.21,58.22,23.68,12.81,12.81,7.24,9.19,2.32,3.25
13095,GA,South,100,0,0,0,0,100,0,0,0
13097,GA,South,48.54,75.73,21.36,5.83,13.59,12.62,6.8,1.94,1.94
13113,GA,South,50,25,25,0,12.5,12.5,12.5,0,0
13115,GA,South,70.59,82.35,47.06,5.88,23.53,0,5.88,11.76,0
13117,GA,South,54.12,52.94,23.53,12.94,7.06,8.24,14.12,5.88,1.18
13121,GA,South,51.66,55.63,29.4,21.02,11.74,11.41,13.12,2.75,2.13
13127,GA,South,65.22,60.87,52.17,4.35,17.39,17.39,4.35,17.39,8.7
13129,GA,South,68.29,58.54,39.02,0,9.76,0,9.76,4.88,4.88
13133,GA,South,100,75,75,25,75,0,25,50,25
13135,GA,South,51.29,62.25,23.55,18.4,19.22,9.34,8.12,2.98,2.98
13137,GA,South,78.57,14.29,100,0,28.57,0,21.43,7.14,28.57
13139,GA,South,56.12,66.33,29.59,12.24,28.57,10.2,4.08,3.06,7.14
13143,GA,South,66.67,0,50,16.67,16.67,0,0,16.67,0
13145,GA,South,50,75,41.67,0,0,0,25,0,0
13151,GA,South,71.01,39.13,40.58,13.04,7.25,20.29,4.35,4.35,0
13153,GA,South,62.5,37.5,50,0,50,25,25,12.5,0
13157,GA,South,85.19,25.93,44.44,25.93,7.41,25.93,3.7,22.22,0
13159,GA,South,100,0,100,0,0,0,0,0,0
13165,GA,South,66.67,66.67,33.33,0,0,33.33,0,33.33,0
13169,GA,South,100,0,66.67,0,0,66.67,0,0,0
13175,GA,South,77.78,72.22,33.33,5.56,33.33,0,11.11,0,0
13179,GA,South,16.67,83.33,16.67,16.67,33.33,0,0,0,0
13185,GA,South,66.67,100,66.67,0,0,0,0,66.67,0
13187,GA,South,100,28.57,42.86,14.29,0,28.57,0,0,0
13207,GA,South,61.11,77.78,44.44,0,5.56,11.11,0,33.33,0
13211,GA,South,83.33,50,66.67,0,33.33,16.67,0,0,16.67
13215,GA,South,75,37.5,50,12.5,25,6.25,6.25,21.88,9.38
13217,GA,South,60,20,40,20,20,40,0,40,0
13219,GA,South,80,10,50,0,0,20,0,0,10
13223,GA,South,30,30,40,30,0,20,20,10,10
13241,GA,South,36.73,63.27,40.82,22.45,12.24,8.16,12.24,12.24,0
13245,GA,South,57.33,69.33,28,5.33,13.33,5.33,10.67,20,0
13247,GA,South,70,10,60,40,30,20,0,0,10
13255,GA,South,50,70,10,0,20,10,0,0,0
13257,GA,South,100,0,100,0,0,100,100,0,0
13261,GA,South,50,0,50,0,50,0,50,0,0
13265,GA,South,0,0,100,0,0,100,0,0,0
13275,GA,South,100,0,50,0,50,0,0,0,50
13277,GA,South,60,40,56,20,24,4,4,24,4
13279,GA,South,100,0,100,50,0,0,0,0,0
13281,GA,South,100,0,100,0,0,0,0,0,0
13285,GA,South,40,72,24,16,16,4,12,4,8
13287,GA,South,100,0,100,0,0,0,0,0,0
13291,GA,South,80,20,80,0,0,0,0,0,0
13295,GA,South,40,60,45,40,10,25,5,10,0
13297,GA,South,81.82,90.91,27.27,0,9.09,36.36,9.09,0,0
13311,GA,South,76.92,53.85,46.15,15.38,7.69,23.08,15.38,30.77,0
13313,GA,South,58.75,77.5,26.25,3.75,6.25,10,10,3.75,13.75
15001,HI,West,44.19,53.49,41.86,18.6,6.98,6.98,18.6,2.33,0
15003,HI,West,39.85,60.34,25.7,18.81,10.71,11.92,8.57,1.86,0.74
15007,HI,West,39.22,60.78,29.41,29.41,1.96,15.69,3.92,0,0
15009,HI,West,47.41,62.93,36.21,14.66,6.9,12.07,10.34,0,0.86
16001,ID,West,52.38,38.1,66.67,28.57,33.33,9.52,14.29,14.29,4.76
16005,ID,West,100,45.45,27.27,0,18.18,0,9.09,18.18,9.09
16011,ID,West,25,50,0,0,0,0,50,25,0
16013,ID,West,100,33.33,100,33.33,33.33,0,33.33,33.33,0
16019,ID,West,58.33,33.33,75,0,8.33,16.67,8.33,33.33,0
16021,ID,West,100,0,0,0,0,0,100,0,0
16023,ID,West,100,0,100,0,0,0,0,0,0
16027,ID,West,0,66.67,33.33,0,0,0,66.67,0,0
16049,ID,West,100,33.33,100,0,33.33,33.33,0,33.33,33.33
16053,ID,West,100,50,0,0,50,0,0,50,50
16055,ID,West,64.71,35.29,82.35,23.53,29.41,11.76,11.76,29.41,0
16069,ID,West,50,25,25,25,25,25,25,0,0
16079,ID,West,100,0,100,0,0,0,0,0,0
16081,ID,West,70,50,50,0,30,0,20,10,0
16083,ID,West,94.44,11.11,83.33,5.56,16.67,33.33,16.67,5.56,0
16085,ID,West,75,50,75,0,0,25,25,0,0
17005,IL,Midwest,100,100,0,0,0,0,0,0,100
17019,IL,Midwest,66.67,25.93,66.67,18.52,33.33,25.93,11.11,25.93,3.7
17027,IL,Midwest,100,0,50,0,0,0,0,0,0
17029,IL,Midwest,25,75,0,0,0,0,0,25,0
17031,IL,Midwest,51.16,58.9,33.1,20.64,8.36,17.97,6.94,3.47,0.98
17037,IL,Midwest,50,0,50,50,0,0,0,0,0
17043,IL,Midwest,55.19,53.94,36.1,18.67,12.45,20.75,6.22,3.32,1.24
17049,IL,Midwest,88.89,11.11,77.78,0,0,0,0,0,0
17055,IL,Midwest,50,50,50,0,0,0,0,50,0
17075,IL,Midwest,66.67,66.67,100,0,33.33,66.67,0,0,0
17077,IL,Midwest,100,0,100,0,100,0,0,0,0
17081,IL,Midwest,100,0,100,0,0,0,0,0,0
17085,IL,Midwest,81.82,72.73,18.18,9.09,45.45,27.27,9.09,54.55,36.36
17089,IL,Midwest,62.73,48.18,42.73,18.18,20,9.09,6.36,6.36,4.55
17091,IL,Midwest,38.1,52.38,52.38,4.76,14.29,52.38,4.76,0,0
17095,IL,Midwest,0,0,100,0,0,0,0,0,0
17097,IL,Midwest,51.65,63.19,25.82,14.29,11.54,18.68,4.4,5.49,1.65
17099,IL,Midwest,0,100,0,0,0,0,0,0,0
17103,IL,Midwest,100,25,100,25,75,0,0,0,0
17105,IL,Midwest,81.82,45.45,72.73,0,0,9.09,18.18,18.18,0
17107,IL,Midwest,87.5,50,87.5,12.5,12.5,25,0,12.5,0
17111,IL,Midwest,50,61.11,44.44,5.56,22.22,5.56,5.56,0,11.11
17113,IL,Midwest,64.62,52.31,46.15,13.85,7.69,9.23,9.23,6.15,0
17119,IL,Midwest,84.3,18.18,52.07,19.01,2.48,2.48,0,0.83,5.79
17143,IL,Midwest,83.33,33.33,66.67,33.33,33.33,50,0,0,0
17161,IL,Midwest,70.59,52.94,35.29,23.53,0,17.65,5.88,0,0
17163,IL,Midwest,52.94,58.82,29.41,17.65,23.53,5.88,11.76,23.53,0
17167,IL,Midwest,63.33,40,73.33,10,13.33,6.67,0,10,3.33
17179,IL,Midwest,0,66.67,0,33.33,0,0,0,0,0
17183,IL,Midwest,0,0,100,0,0,0,0,0,0
17187,IL,Midwest,100,0,100,0,0,0,0,0,0
17197,IL,Midwest,52.83,71.7,26.42,3.77,7.55,7.55,9.43,1.89,1.89
17199,IL,Midwest,66.67,33.33,100,0,33.33,0,0,0,0
17201,IL,Midwest,70,46.67,53.33,13.33,13.33,3.33,3.33,13.33,5
18003,IN,Midwest,80,20,60,30,40,0,0,10,0
18005,IN,Midwest,56.25,68.75,18.75,6.25,25,18.75,0,12.5,6.25
18029,IN,Midwest,75,75,75,0,0,0,0,100,0
18039,IN,Midwest,45.45,63.64,27.27,0,9.09,0,9.09,0,9.09
18045,IN,Midwest,100,50,0,0,0,0,50,0,50
18057,IN,Midwest,73.01,69.33,15.95,9.2,12.88,16.56,6.13,3.07,0.61
18059,IN,Midwest,33.33,33.33,0,33.33,0,0,0,33.33,0
18063,IN,Midwest,65.12,62.79,39.53,11.63,18.6,18.6,2.33,2.33,0
18067,IN,Midwest,100,50,50,0,50,0,0,0,0
18069,IN,Midwest,100,40,100,0,20,0,0,0,0
18081,IN,Midwest,43.75,56.25,37.5,12.5,12.5,12.5,6.25,6.25,12.5
18083,IN,Midwest,50,50,50,0,50,0,50,0,0
18085,IN,Midwest,66.67,66.67,33.33,0,33.33,0,0,0,0
18089,IN,Midwest,81.82,45.45,63.64,22.73,9.09,31.82,0,9.09,0
18091,IN,Midwest,25,66.67,16.67,8.33,0,33.33,8.33,16.67,0
18097,IN,Midwest,50.2,53.41,38.15,19.68,10.04,18.88,6.43,4.02,1.61
18099,IN,Midwest,100,20,80,20,0,0,0,0,0
18105,IN,Midwest,85.71,57.14,71.43,14.29,14.29,28.57,14.29,0,0
18115,IN,Midwest,100,100,100,0,0,0,0,0,0
18117,IN,Midwest,100,100,100,100,100,0,0,100,100
18127,IN,Midwest,50,66.67,75,25,8.33,16.67,0,8.33,8.33
18141,IN,Midwest,39.47,50,52.63,26.32,13.16,2.63,7.89,13.16,2.63
18143,IN,Midwest,57.14,85.71,57.14,28.57,14.29,0,14.29,14.29,0
18147,IN,Midwest,100,50,50,0,0,0,0,0,50
18151,IN,Midwest,70,25,75,20,0,5,5,10,5
18155,IN,Midwest,100,0,0,0,100,0,0,100,0
18157,IN,Midwest,70,35,55,17.5,5,20,5,2.5,0
18163,IN,Midwest,71.43,42.86,85.71,0,42.86,14.29,0,14.29,0
18169,IN,Midwest,100,0,100,0,0,50,0,0,0
18173,IN,Midwest,100,0,100,0,0,0,100,0,0
18183,IN,Midwest,0,100,0,0,0,0,0,0,0
19013,IA,Midwest,40,35,35,25,25,0,15,15,5
19019,IA,Midwest,0,100,0,0,0,0,0,0,0
19033,IA,Midwest,50,50,0,0,0,0,0,0,50
19039,IA,Midwest,100,20,80,0,20,20,0,0,0
19049,IA,Midwest,100,0,50,0,0,0,0,0,0
19061,IA,Midwest,77.78,22.22,22.22,11.11,22.22,11.11,22.22,33.33,0
19073,IA,Midwest,100,100,100,0,0,100,0,100,0
19079,IA,Midwest,33.33,33.33,33.33,33.33,0,33.33,33.33,0,0
19101,IA,Midwest,100,50,0,0,50,50,50,50,0
19103,IA,Midwest,46.67,70,56.67,26.67,6.67,10,3.33,6.67,0
19105,IA,Midwest,0,0,100,0,0,100,0,0,0
19113,IA,Midwest,85.29,35.29,52.94,11.76,8.82,11.76,5.88,2.94,0
19121,IA,Midwest,100,0,100,0,0,0,0,0,0
19139,IA,Midwest,33.33,100,33.33,0,0,0,0,0,0
19153,IA,Midwest,93.55,41.94,54.84,3.23,16.13,9.68,3.23,19.35,0
19155,IA,Midwest,83.33,66.67,50,16.67,0,0,0,16.67,0
19163,IA,Midwest,51.61,41.94,61.29,22.58,16.13,9.68,6.45,3.23,3.23
19165,IA,Midwest,80,90,20,0,0,0,0,0,0
19169,IA,Midwest,83.33,33.33,33.33,16.67,0,0,0,16.67,33.33
19187,IA,Midwest,0,100,100,0,0,0,0,0,0
19193,IA,Midwest,75,25,25,25,0,0,0,0,0
20005,KS,Midwest,50,100,0,0,50,50,0,50,0
20007,KS,Midwest,100,100,50,50,0,0,0,100,0
20011,KS,Midwest,100,0,100,0,0,0,0,0,0
20015,KS,Midwest,100,0,50,0,0,0,0,0,0
20029,KS,Midwest,0,100,100,0,0,0,0,0,100
20031,KS,Midwest,0,100,0,0,0,0,0,0,0
20037,KS,Midwest,100,33.33,66.67,0,0,33.33,0,0,0
20045,KS,Midwest,85.71,35.71,78.57,42.86,7.14,21.43,7.14,7.14,7.14
20051,KS,Midwest,77.27,18.18,50,18.18,4.55,0,0,18.18,9.09
20079,KS,Midwest,50,50,50,0,0,0,0,50,0
20091,KS,Midwest,65.16,44.52,44.52,23.23,6.45,20,2.58,3.23,3.23
20103,KS,Midwest,60,40,40,20,20,60,0,20,0
20111,KS,Midwest,100,0,100,0,0,0,0,0,0
20123,KS,Midwest,100,0,100,0,0,0,0,0,0
20125,KS,Midwest,100,0,100,0,0,0,0,0,0
20149,KS,Midwest,100,0,100,0,0,100,100,0,0
20155,KS,Midwest,66.67,66.67,33.33,0,33.33,33.33,0,33.33,0
20161,KS,Midwest,77.78,33.33,77.78,11.11,33.33,0,0,33.33,0
20169,KS,Midwest,68.75,18.75,56.25,18.75,12.5,0,6.25,37.5,12.5
20173,KS,Midwest,77.27,36.36,68.18,22.73,13.64,0,4.55,9.09,4.55
20177,KS,Midwest,69.23,46.15,53.85,15.38,15.38,0,3.85,7.69,7.69
20181,KS,Midwest,100,18.18,72.73,0,18.18,9.09,0,0,0
20191,KS,Midwest,50,100,0,50,50,0,0,50,0
20193,KS,Midwest,100,100,0,100,0,0,0,0,0
20195,KS,Midwest,100,100,66.67,0,0,0,0,0,0
20209,KS,Midwest,0,33.33,33.33,0,0,33.33,0,0,0
21009,KY,South,100,50,75,25,25,25,0,25,0
21015,KY,South,77.27,54.55,31.82,22.73,36.36,4.55,0,9.09,9.09
21029,KY,South,25,75,75,0,0,0,0,0,0
21035,KY,South,100,0,100,0,0,0,0,0,0
21037,KY,South,80,20,60,0,20,0,20,0,0
21047,KY,South,100,100,100,0,0,0,0,0,100
21059,KY,South,100,0,100,0,100,100,0,100,0
21067,KY,South,76.09,30.43,54.35,17.39,23.91,4.35,6.52,6.52,6.52
21073,KY,South,66.67,16.67,66.67,0,83.33,0,0,16.67,0
21093,KY,South,83.33,16.67,83.33,0,16.67,33.33,16.67,25,16.67
21111,KY,South,63.04,30.43,60.87,4.35,28.26,15.22,15.22,17.39,2.17
21117,KY,South,75,50,75,25,0,25,25,0,0
21125,KY,South,90,10,60,0,0,5,5,10,0
21145,KY,South,77.78,22.22,55.56,11.11,0,11.11,11.11,33.33,0
21151,KY,South,100,33.33,66.67,0,33.33,0,33.33,0,0
21157,KY,South,100,50,100,0,0,0,0,0,0
21177,KY,South,100,100,100,0,0,0,0,0,0
21185,KY,South,83.33,33.33,33.33,16.67,33.33,0,0,0,0
21199,KY,South,100,0,0,0,0,0,0,0,100
21203,KY,South,75,25,25,0,0,25,25,25,0
21209,KY,South,100,100,100,0,0,0,0,50,0
21227,KY,South,57.14,14.29,57.14,21.43,21.43,7.14,7.14,0,0
22015,LA,South,60,60,80,0,40,0,0,40,0
22017,LA,South,100,0,100,0,100,0,0,0,0
22019,LA,South,66.67,42.86,66.67,23.81,14.29,9.52,9.52,19.05,4.76
22033,LA,South,57.69,53.85,34.62,7.69,7.69,0,7.69,11.54,3.85
22045,LA,South,0,100,0,0,100,0,0,0,0
22051,LA,South,33.33,66.67,50,16.67,33.33,33.33,0,16.67,0
22055,LA,South,37.5,37.5,75,37.5,12.5,0,0,25,0
22071,LA,South,52.83,71.7,39.62,13.21,26.42,11.32,13.21,7.55,1.89
22079,LA,South,57.14,100,28.57,28.57,0,0,0,0,0
22095,LA,South,80,80,60,40,40,0,0,20,0
22097,LA,South,75,25,50,0,0,0,0,0,0
22103,LA,South,66.67,33.33,66.67,0,66.67,0,0,0,0
22105,LA,South,0,0,0,0,0,0,0,0,0
23001,ME,Northeast,91.67,58.33,50,0,33.33,0,8.33,25,0
23005,ME,Northeast,72.38,57.14,54.29,8.57,14.29,7.62,4.76,12.38,8.57
23009,ME,Northeast,66.67,88.89,11.11,0,22.22,11.11,11.11,44.44,0
23011,ME,Northeast,77.78,44.44,44.44,11.11,11.11,11.11,11.11,22.22,11.11
23013,ME,Northeast,100,0,100,0,0,0,0,100,0
23015,ME,Northeast,100,66.67,66.67,0,66.67,33.33,0,66.67,33.33
23017,ME,Northeast,86.67,46.67,60,13.33,20,6.67,20,6.67,13.33
23019,ME,Northeast,64.29,64.29,28.57,7.14,35.71,0,0,28.57,0
23023,ME,Northeast,60.87,56.52,47.83,0,34.78,0,4.35,4.35,4.35
23027,ME,Northeast,80,30,80,0,0,0,30,0,0
23031,ME,Northeast,72.22,44.44,69.44,22.22,16.67,8.33,5.56,19.44,13.89
24001,MD,South,100,0,0,0,0,0,0,100,0
24003,MD,South,62.67,41.5,31.48,20.61,10.58,10.03,11.7,3.06,1.39
24005,MD,South,62.04,54.01,36.13,12.04,15.69,17.52,5.47,1.46,3.65
24009,MD,South,80,53.33,33.33,0,13.33,6.67,6.67,13.33,0
24011,MD,South,100,100,50,0,0,0,0,0,0
24013,MD,South,79.37,38.1,55.56,15.87,14.29,14.29,4.76,3.17,9.52
24015,MD,South,54.55,27.27,27.27,36.36,27.27,9.09,18.18,0,0
24017,MD,South,76.36,78.18,24.55,12.73,11.82,5.45,1.82,2.73,0.91
24019,MD,South,57.14,42.86,28.57,0,14.29,0,42.86,0,0
24021,MD,South,63.29,47.83,43.48,23.19,14.49,6.28,3.86,4.35,7.73
24023,MD,South,83.33,33.33,83.33,0,16.67,33.33,0,16.67,0
24025,MD,South,60,65,37.5,6.25,2.5,12.5,5,2.5,0
24027,MD,South,55.75,35.71,26.86,29.04,10.71,4.19,14.13,2.02,1.24
24031,MD,South,50.65,55.73,31.51,18.49,9.64,9.38,8.07,4.69,1.17
24033,MD,South,55.35,53.14,31.45,17.3,11.95,11.01,8.49,2.83,0
24035,MD,South,76.67,73.33,16.67,0,20,3.33,0,26.67,6.67
24041,MD,South,54.55,54.55,54.55,0,9.09,9.09,0,0,9.09
24043,MD,South,70.18,54.39,40.35,14.04,22.81,5.26,5.26,8.77,1.75
24045,MD,South,57.69,53.85,46.15,26.92,19.23,3.85,3.85,19.23,7.69
24047,MD,South,80,50,90,0,15,10,5,15,15
24510,MD,South,75.97,57.02,20.81,8.46,3.72,10.49,25.04,2.2,0.51
25001,MA,Northeast,60.94,42.19,40.62,23.44,23.44,9.38,4.69,17.19,1.56
25003,MA,Northeast,87.5,45,60,15,10,2.5,0,5,12.5
25005,MA,Northeast,43.18,54.55,47.73,20.45,4.55,11.36,4.55,4.55,2.27
25007,MA,Northeast,60,40,0,20,0,0,0,80,0
25009,MA,Northeast,59.35,50.41,42.28,21.14,13.01,16.26,2.44,1.63,2.44
25011,MA,Northeast,64,44,56,16,4,16,0,8,12
25013,MA,Northeast,74,44,52,14,22,8,8,12,12
25015,MA,Northeast,55.37,47.11,35.54,31.4,25.62,19.01,15.7,7.44,6.61
25017,MA,Northeast,47.04,47.98,32.08,28.57,10.51,14.15,5.8,4.18,1.35
25019,MA,Northeast,16.67,50,66.67,33.33,0,0,16.67,0,0
25021,MA,Northeast,50.22,46.22,28.44,30.67,9.33,12.89,3.11,4.89,1.33
25023,MA,Northeast,63.16,54.39,36.84,21.05,24.56,7.02,3.51,7.02,0
25025,MA,Northeast,53.36,43.08,42.69,31.23,6.72,15.81,7.51,3.56,1.98
25027,MA,Northeast,60.93,57.14,39.94,13.7,14.29,8.75,5.54,5.25,4.96
26005,MI,Midwest,66.67,55.56,33.33,18.52,7.41,0,7.41,7.41,0
26017,MI,Midwest,75,12.5,50,0,12.5,0,0,50,0
26019,MI,Midwest,100,100,100,0,0,0,0,0,0
26021,MI,Midwest,74.29,40,51.43,28.57,5.71,5.71,2.86,14.29,8.57
26023,MI,Midwest,100,100,0,0,0,0,50,0,0
26025,MI,Midwest,60.53,63.16,34.21,2.63,2.63,0,0,7.89,0
26029,MI,Midwest,0,100,0,0,0,0,0,0,0
26031,MI,Midwest,66.67,66.67,100,0,33.33,33.33,0,33.33,0
26037,MI,Midwest,100,100,0,0,0,0,0,0,0
26045,MI,Midwest,33.33,50,16.67,0,16.67,0,16.67,16.67,0
26047,MI,Midwest,75,25,50,0,25,25,50,0,0
26049,MI,Midwest,44.44,66.67,22.22,33.33,44.44,0,0,0,0
26055,MI,Midwest,68.75,62.5,56.25,0,18.75,25,0,25,0
26057,MI,Midwest,25,75,0,0,0,0,0,25,0
26059,MI,Midwest,100,0,0,0,0,0,0,100,0
26061,MI,Midwest,83.33,83.33,33.33,0,0,16.67,0,0,0
26063,MI,Midwest,50,0,100,0,0,0,0,0,0
26065,MI,Midwest,65.52,41.38,27.59,20.69,3.45,24.14,5.17,1.72,3.45
26069,MI,Midwest,58.33,66.67,16.67,0,16.67,25,8.33,16.67,0
26073,MI,Midwest,42.86,64.29,64.29,14.29,35.71,7.14,14.29,7.14,0
26075,MI,Midwest,68.42,57.89,52.63,26.32,5.26,5.26,0,5.26,0
26077,MI,Midwest,68.67,54.22,32.53,19.28,4.82,3.61,7.23,1.2,2.41
26081,MI,Midwest,63.95,56.98,41.86,12.79,8.14,11.63,3.49,2.33,0
26085,MI,Midwest,100,100,0,0,0,0,0,0,0
26093,MI,Midwest,50,75,50,0,0,0,0,25,0
26099,MI,Midwest,66.33,50,32.65,17.35,12.24,11.22,11.22,2.04,1.02
26101,MI,Midwest,50,0,100,0,0,50,0,50,0
26103,MI,Midwest,16.67,16.67,66.67,16.67,0,0,33.33,0,0
26105,MI,Midwest,100,100,100,0,0,0,0,100,0
26107,MI,Midwest,100,0,100,0,0,0,0,0,0
26111,MI,Midwest,100,0,50,0,50,0,0,0,0
26115,MI,Midwest,60,60,20,0,20,0,0,0,20
26121,MI,Midwest,86.96,60.87,43.48,17.39,0,8.7,0,8.7,0
26125,MI,Midwest,54.22,50.68,35.97,22.34,8.17,13.35,8.45,4.09,0.82
26129,MI,Midwest,100,25,25,25,25,0,25,50,0
26139,MI,Midwest,84.21,76.32,18.42,5.26,2.63,7.89,0,2.63,0
26145,MI,Midwest,33.33,11.11,33.33,0,55.56,0,22.22,11.11,0
26147,MI,Midwest,46.15,61.54,15.38,23.08,7.69,15.38,30.77,0,0
26159,MI,Midwest,100,100,100,0,0,0,0,100,0
26161,MI,Midwest,57.45,34.04,36.7,27.13,10.11,11.7,11.17,13.3,0.53
26163,MI,Midwest,51.86,41.26,36.96,38.11,8.02,11.75,11.75,3.44,1.15
27003,MN,Midwest,62.96,59.26,18.52,18.52,22.22,14.81,11.11,3.7,0
27007,MN,Midwest,0,0,50,0,0,0,0,0,0
27013,MN,Midwest,72.73,63.64,27.27,27.27,36.36,18.18,0,18.18,9.09
27017,MN,Midwest,100,0,50,0,0,50,0,0,0
27019,MN,Midwest,52.38,71.43,23.81,14.29,14.29,23.81,9.52,0,0
27021,MN,Midwest,50,75,25,0,0,25,0,0,0
27025,MN,Midwest,100,100,0,0,100,0,0,100,0
27031,MN,Midwest,100,100,0,0,0,0,0,100,0
27033,MN,Midwest,66.67,66.67,66.67,0,66.67,33.33,0,66.67,0
27035,MN,Midwest,66.67,66.67,66.67,0,0,33.33,0,0,33.33
27037,MN,Midwest,35.48,64.52,32.26,41.94,29.03,6.45,0,0,0
27041,MN,Midwest,66.67,0,66.67,0,33.33,33.33,0,33.33,33.33
27047,MN,Midwest,72.41,37.93,37.93,17.24,6.9,0,0,34.48,6.9
27053,MN,Midwest,60.15,47.46,33.25,24.37,14.97,14.72,6.6,12.18,1.78
27059,MN,Midwest,25,75,50,25,25,25,0,25,0
27067,MN,Midwest,100,0,0,0,0,50,0,0,50
27075,MN,Midwest,66.67,66.67,33.33,33.33,0,0,0,33.33,0
27079,MN,Midwest,100,100,100,0,0,0,0,0,0
27085,MN,Midwest,50,50,100,0,0,0,0,50,50
27093,MN,Midwest,66.67,66.67,33.33,0,0,0,0,66.67,0
27095,MN,Midwest,88.89,33.33,44.44,0,11.11,22.22,0,0,0
27099,MN,Midwest,100,0,100,0,0,0,0,0,0
27103,MN,Midwest,0,100,0,0,0,0,0,100,0
27105,MN,Midwest,81.82,50,40.91,13.64,0,0,0,45.45,9.09
27109,MN,Midwest,78.95,52.63,47.37,0,21.05,21.05,0,21.05,5.26
27115,MN,Midwest,60,40,60,20,40,0,0,0,0
27123,MN,Midwest,59.17,50,34.17,22.5,15,16.67,5.83,10.83,0.83
27131,MN,Midwest,66.67,16.67,66.67,0,0,66.67,0,16.67,0
27133,MN,Midwest,80,40,80,20,0,0,0,40,20
27137,MN,Midwest,75,57.14,39.29,17.86,25,7.14,3.57,10.71,3.57
27139,MN,Midwest,91.67,58.33,33.33,8.33,25,0,8.33,33.33,0
27145,MN,Midwest,33.33,50,50,16.67,50,0,0,0,0
27147,MN,Midwest,40,60,40,40,40,0,0,40,20
27157,MN,Midwest,100,0,0,0,100,0,0,100,0
27163,MN,Midwest,56.25,50,31.25,37.5,25,12.5,0,18.75,12.5
27165,MN,Midwest,50,50,0,0,50,0,0,100,0
27169,MN,Midwest,100,0,100,0,0,0,100,0,0
27171,MN,Midwest,82.35,58.82,29.41,5.88,41.18,0,0,29.41,0
27173,MN,Midwest,100,100,0,0,0,0,0,0,0
28033,MS,South,60,40,40,20,40,0,0,20,0
28043,MS,South,100,0,100,0,0,0,0,0,0
28047,MS,South,50,50,33.33,33.33,33.33,0,0,0,0
28049,MS,South,77.78,38.89,50,0,22.22,5.56,5.56,11.11,0
28059,MS,South,100,0,100,50,50,0,0,50,50
28067,MS,South,0,0,100,0,100,0,0,0,0
28071,MS,South,100,100,0,0,100,100,0,0,0
28073,MS,South,100,50,50,0,0,0,0,0,0
28075,MS,South,0,0,100,0,0,0,0,100,0
28081,MS,South,100,66.67,100,0,0,66.67,0,33.33,66.67
28083,MS,South,50,0,100,50,0,0,0,0,0
28087,MS,South,100,0,100,0,0,0,100,0,0
28089,MS,South,0,0,100,0,0,0,0,0,0
28105,MS,South,100,100,0,0,0,0,0,0,0
28109,MS,South,0,25,75,25,75,0,0,0,0
28131,MS,South,100,50,50,0,0,0,0,50,0
28145,MS,South,100,25,75,0,25,0,25,25,0
28149,MS,South,100,0,100,0,100,0,0,0,0
29011,MO,Midwest,100,100,50,0,50,0,50,100,0
29019,MO,Midwest,90.32,29.03,70.97,6.45,29.03,9.68,9.68,32.26,12.9
29021,MO,Midwest,57.89,57.89,42.11,0,21.05,5.26,0,0,0
29023,MO,Midwest,0,0,100,0,0,0,0,0,0
29031,MO,Midwest,100,100,0,0,0,0,0,0,0
29047,MO,Midwest,61.45,44.58,54.22,8.43,14.46,12.05,3.61,6.02,0
29051,MO,Midwest,100,0,100,0,0,0,0,0,50
29077,MO,Midwest,65.22,56.52,47.83,26.09,26.09,4.35,13.04,17.39,0
29095,MO,Midwest,68.23,32.81,50.52,16.67,5.73,16.15,5.21,6.77,4.17
29097,MO,Midwest,100,100,100,0,0,0,0,0,0
29111,MO,Midwest,0,0,100,0,0,0,0,0,0
29121,MO,Midwest,100,33.33,100,33.33,0,33.33,0,0,0
29131,MO,Midwest,100,0,100,0,0,0,0,0,0
29139,MO,Midwest,100,60,80,0,0,20,20,60,40
29161,MO,Midwest,64.71,64.71,52.94,23.53,17.65,0,0,0,17.65
29165,MO,Midwest,82,56,22,4,12,10,4,18,2
29183,MO,Midwest,57.89,42.11,36.84,13.16,15.79,7.89,2.63,18.42,5.26
29187,MO,Midwest,100,0,100,0,0,0,0,0,0
29189,MO,Midwest,51.11,55.56,31.67,16.11,16.67,8.89,6.11,5.56,2.78
29213,MO,Midwest,85.71,71.43,85.71,28.57,28.57,14.29,14.29,14.29,0
29225,MO,Midwest,0,100,100,0,0,0,0,0,0
29510,MO,Midwest,73.24,28.17,66.2,18.31,11.27,38.03,5.63,11.27,0
30029,MT,West,86.67,53.33,46.67,0,40,0,0,13.33,0
30031,MT,West,72.73,18.18,54.55,9.09,9.09,0,9.09,0,9.09
30035,MT,West,100,100,0,0,0,0,0,100,0
30043,MT,West,66.67,33.33,100,0,0,66.67,0,0,0
30049,MT,West,100,0,100,0,0,0,0,0,0
30061,MT,West,81.82,27.27,72.73,0,18.18,0,0,36.36,9.09
30063,MT,West,70,30,50,10,20,10,0,20,10
30075,MT,West,100,25,75,0,0,0,25,0,0
30077,MT,West,100,80,100,0,20,0,0,40,0
30093,MT,West,57.14,0,57.14,14.29,28.57,0,0,42.86,0
30097,MT,West,66.67,0,66.67,33.33,33.33,0,0,0,33.33
30111,MT,West,100,0,33.33,0,33.33,0,0,0,0
31019,NE,Midwest,100,100,0,0,100,0,0,100,0
31025,NE,Midwest,62.5,62.5,62.5,0,37.5,0,0,12.5,12.5
31043,NE,Midwest,50,0,50,0,0,0,0,0,50
31047,NE,Midwest,80,30,70,10,10,0,0,30,0
31055,NE,Midwest,28.57,57.14,28.57,28.57,28.57,0,0,0,0
31081,NE,Midwest,100,50,50,0,50,0,0,0,0
31101,NE,Midwest,100,50,0,0,0,0,50,50,0
31109,NE,Midwest,72.73,36.36,63.64,0,18.18,0,9.09,0,9.09
31111,NE,Midwest,100,100,0,0,0,100,0,0,0
31119,NE,Midwest,100,100,0,0,0,0,0,0,0
31131,NE,Midwest,75,25,50,0,50,50,0,50,0
31137,NE,Midwest,100,0,0,0,100,0,0,100,0
31153,NE,Midwest,83.33,66.67,50,16.67,16.67,0,0,50,0
31157,NE,Midwest,0,100,100,100,0,0,0,100,0
31159,NE,Midwest,0,100,0,0,0,0,0,0,0
31173,NE,Midwest,100,100,100,0,0,0,0,0,0
32003,NV,West,56.53,45.37,47.58,24.82,19.09,9.1,9.69,9.69,1.91
32005,NV,West,82.05,69.23,48.72,10.26,15.38,20.51,0,12.82,5.13
32007,NV,West,69.23,30.77,46.15,23.08,0,0,7.69,15.38,7.69
32013,NV,West,100,16.67,50,33.33,0,0,0,50,16.67
32019,NV,West,100,25,75,0,25,0,0,0,0
32023,NV,West,100,66.67,66.67,0,100,0,0,0,0
32027,NV,West,100,0,75,50,0,0,0,0,0
32031,NV,West,67.54,55.26,44.74,22.81,17.54,12.28,8.77,15.79,0.88
32033,NV,West,50,0,50,50,50,0,0,0,0
32510,NV,West,69.23,53.85,38.46,30.77,7.69,30.77,0,7.69,0
33001,NH,Northeast,73.33,26.67,40,6.67,33.33,6.67,0,13.33,6.67
33003,NH,Northeast,69.23,50,61.54,3.85,19.23,3.85,3.85,11.54,7.69
33005,NH,Northeast,33.33,50,75,16.67,41.67,0,0,0,0
33007,NH,Northeast,89.36,48.94,65.96,2.13,27.66,2.13,19.15,19.15,17.02
33009,NH,Northeast,60.66,40.98,45.9,19.67,26.23,3.28,6.56,13.11,11.48
33011,NH,Northeast,47.14,44.29,50,22.86,22.86,8.57,7.14,4.29,2.86
33013,NH,Northeast,52.31,58.46,44.62,23.08,16.92,4.62,4.62,6.15,4.62
33015,NH,Northeast,67.21,54.1,45.9,6.56,19.67,9.84,6.56,6.56,6.56
33017,NH,Northeast,77.78,44.44,55.56,0,0,11.11,44.44,0,11.11
34001,NJ,Northeast,63.64,45.45,63.64,18.18,12.12,18.18,9.09,4.55,4.55
34003,NJ,Northeast,55.62,55.03,32.54,23.67,15.98,4.14,10.06,6.51,4.14
34005,NJ,Northeast,49.41,74.12,29.41,9.41,12.94,15.29,12.94,3.53,3.53
34007,NJ,Northeast,55.96,48.62,49.54,35.78,21.1,19.27,3.67,3.67,1.83
34009,NJ,Northeast,51.43,42.86,57.14,20,20,20,11.43,2.86,5.71
34011,NJ,Northeast,57.89,21.05,52.63,10.53,15.79,21.05,0,0,5.26
34013,NJ,Northeast,58.25,57.28,40.78,16.5,12.62,16.5,9.71,3.88,1.94
34015,NJ,Northeast,66.67,62.37,32.26,29.03,19.35,2.15,4.3,5.38,2.15
34017,NJ,Northeast,56.67,43.33,53.33,30,13.33,16.67,6.67,6.67,0
34019,NJ,Northeast,80,35,75,20,35,10,10,0,0
34021,NJ,Northeast,57.89,47.37,43.42,15.79,17.76,9.87,15.79,4.61,3.29
34023,NJ,Northeast,55.66,46.7,41.51,20.28,12.26,7.08,9.91,10.38,4.25
34025,NJ,Northeast,73.91,32.61,54.35,28.26,17.39,4.35,17.39,2.17,2.17
34027,NJ,Northeast,63.33,48.33,51.67,25,35,8.33,5,5,5
34029,NJ,Northeast,86.21,41.38,58.62,6.9,13.79,6.9,13.79,13.79,3.45
34031,NJ,Northeast,36.36,9.09,36.36,36.36,18.18,18.18,18.18,0,0
34033,NJ,Northeast,57.14,71.43,16.33,4.08,12.24,4.08,14.29,10.2,10.2
34035,NJ,Northeast,66.15,50.77,40,6.15,16.92,16.92,7.69,7.69,4.62
34037,NJ,Northeast,71.43,28.57,85.71,14.29,28.57,0,0,14.29,0
34039,NJ,Northeast,46.81,46.81,42.55,29.79,29.79,2.13,17.02,6.38,2.13
35001,NM,West,48.1,55.7,20.25,7.59,21.52,7.59,10.13,21.52,0
35007,NM,West,100,66.67,66.67,0,33.33,0,33.33,33.33,33.33
35009,NM,West,50,0,50,0,0,0,50,50,0
35013,NM,West,37.5,62.5,75,0,0,12.5,0,37.5,0
35015,NM,West,100,0,100,0,0,0,0,0,0
35019,NM,West,50,25,50,25,0,0,0,0,0
35023,NM,West,0,100,0,0,100,100,0,100,0
35028,NM,West,60,40,40,40,0,0,20,0,0
35031,NM,West,75,6.25,68.75,18.75,12.5,0,0,25,0
35035,NM,West,100,100,100,0,100,0,0,100,100
35037,NM,West,60,75,30,0,25,5,5,15,5
35043,NM,West,71.43,57.14,42.86,0,14.29,14.29,0,42.86,0
35045,NM,West,88.89,55.56,88.89,11.11,22.22,0,0,22.22,22.22
35049,NM,West,64.86,48.65,40.54,0,21.62,8.11,10.81,16.22,5.41
35053,NM,West,100,0,100,0,0,0,0,0,0
35059,NM,West,100,0,100,0,0,0,0,0,0
35061,NM,West,50,100,0,0,50,0,0,0,0
36001,NY,Northeast,68.97,32.51,56.65,21.18,13.79,10.84,6.9,5.42,5.42
36005,NY,Northeast,54.17,33.33,54.17,45.83,12.5,12.5,12.5,0,0
36007,NY,Northeast,76.36,36.36,58.18,1.82,16.36,7.27,14.55,10.91,5.45
36009,NY,Northeast,73.33,13.33,46.67,33.33,6.67,6.67,13.33,6.67,6.67
36011,NY,Northeast,73.91,26.09,47.83,8.7,17.39,4.35,4.35,0,4.35
36013,NY,Northeast,64.29,28.57,64.29,21.43,14.29,28.57,0,35.71,0
36015,NY,Northeast,100,0,75,25,50,0,25,0,25
36019,NY,Northeast,56.82,27.27,47.73,11.36,15.91,20.45,11.36,4.55,4.55
36021,NY,Northeast,100,0,75,0,0,0,0,0,0
36023,NY,Northeast,100,50,50,0,0,50,0,0,0
36025,NY,Northeast,85.71,42.86,42.86,0,0,28.57,0,14.29,0
36027,NY,Northeast,65.57,52.46,55.74,8.2,14.75,16.39,11.48,8.2,0
36029,NY,Northeast,66.67,52.54,50.85,21.47,16.38,20.34,7.34,14.69,3.95
36031,NY,Northeast,85.71,57.14,71.43,28.57,14.29,42.86,14.29,57.14,28.57
36033,NY,Northeast,100,42.86,71.43,28.57,28.57,14.29,0,28.57,0
36035,NY,Northeast,40,60,20,0,0,0,0,20,0
36037,NY,Northeast,25,25,25,0,50,0,0,50,0
36039,NY,Northeast,80,0,100,0,20,20,0,0,20
36043,NY,Northeast,75,25,75,0,0,0,25,0,25
36045,NY,Northeast,69.44,33.33,52.78,13.89,11.11,8.33,11.11,11.11,2.78
36047,NY,Northeast,55.41,63.51,27.03,6.76,6.76,16.22,12.16,2.7,0
36051,NY,Northeast,75,0,50,0,0,50,0,0,0
36053,NY,Northeast,66.67,50,58.33,8.33,16.67,16.67,0,16.67,0
36055,NY,Northeast,68,33.71,46.29,14.29,13.14,10.29,12.57,4,2.86
36057,NY,Northeast,100,66.67,66.67,33.33,0,0,0,0,0
36059,NY,Northeast,48.99,51.01,46.31,22.82,17.45,10.74,8.72,9.4,3.36
36061,NY,Northeast,51.33,60.33,44,9.33,6.67,20.33,11.67,2.33,1.33
36063,NY,Northeast,55.1,59.18,40.82,30.61,6.12,26.53,8.16,10.2,2.04
36065,NY,Northeast,58.18,43.64,27.27,5.45,5.45,23.64,9.09,3.64,16.36
36067,NY,Northeast,58.43,36.75,33.13,23.49,10.24,13.86,6.63,6.63,2.71
36069,NY,Northeast,94.29,28.57,45.71,0,8.57,14.29,8.57,8.57,8.57
36071,NY,Northeast,66.67,45.33,50.67,17.33,14.67,12,6.67,4,4
36075,NY,Northeast,66.67,33.33,100,0,33.33,0,0,0,0
36077,NY,Northeast,77.78,33.33,55.56,11.11,11.11,22.22,0,0,11.11
36079,NY,Northeast,0,100,50,50,0,0,0,0,0
36081,NY,Northeast,58.1,45.25,29.61,12.85,10.61,12.29,9.5,12.85,1.68
36083,NY,Northeast,78.57,28.57,42.86,10.71,10.71,28.57,7.14,0,0
36085,NY,Northeast,46.67,33.33,73.33,33.33,6.67,0,0,0,0
36087,NY,Northeast,60,56,44,12,8,20,8,16,8
36089,NY,Northeast,62.96,37.04,66.67,18.52,3.7,11.11,18.52,0,0
36091,NY,Northeast,81.08,40.54,55.41,13.51,6.76,14.86,8.11,6.76,2.7
36093,NY,Northeast,29.41,73.53,44.12,11.76,0,14.71,2.94,0,0
36095,NY,Northeast,80,20,100,0,20,0,0,0,20
36097,NY,Northeast,37.5,37.5,62.5,0,0,12.5,0,0,25
36099,NY,Northeast,0,50,50,0,0,0,50,50,50
36101,NY,Northeast,60,40,80,0,20,40,0,20,0
36103,NY,Northeast,62.43,48.07,54.7,17.68,10.5,7.18,7.73,4.97,4.97
36105,NY,Northeast,100,28.57,57.14,0,14.29,14.29,28.57,28.57,0
36109,NY,Northeast,62.38,40.59,45.54,11.88,8.91,9.9,4.95,10.89,4.95
36111,NY,Northeast,63.33,33.33,53.33,20,13.33,16.67,6.67,6.67,0
36113,NY,Northeast,70.59,29.41,55.88,8.82,0,11.76,5.88,0,0
36119,NY,Northeast,58.87,57.58,33.33,15.58,16.02,11.26,7.36,2.6,1.3
37001,NC,South,59.14,52.69,44.09,9.68,10.75,7.53,6.45,8.6,7.53
37007,NC,South,100,50,0,0,0,100,0,50,0
37011,NC,South,0,100,0,0,100,100,0,0,0
37021,NC,South,62.81,62.81,36.18,13.57,12.56,12.56,6.53,9.55,2.01
37025,NC,South,54.55,54.55,27.27,18.18,36.36,9.09,9.09,0,0
37027,NC,South,75,25,75,0,0,0,25,0,0
37031,NC,South,100,100,100,0,0,0,0,100,0
37035,NC,South,61.54,48.72,30.77,23.08,33.33,7.69,7.69,10.26,2.56
37037,NC,South,60.53,78.95,23.68,0,7.89,10.53,18.42,0,0
37041,NC,South,75,50,50,0,0,0,0,25,0
37045,NC,South,66.67,100,33.33,0,0,0,0,0,0
37049,NC,South,66.67,33.33,100,0,33.33,0,0,0,0
37051,NC,South,82.35,58.82,41.18,17.65,11.76,5.88,0,0,5.88
37053,NC,South,75,75,75,0,25,25,0,50,0
37055,NC,South,75,25,25,0,0,0,0,50,0
37057,NC,South,100,33.33,50,0,16.67,16.67,0,0,0
37063,NC,South,52.81,58.43,33.15,29.78,15.73,3.93,8.99,2.25,2.25
37067,NC,South,72.09,34.88,37.21,11.63,16.28,2.33,2.33,11.63,6.98
37071,NC,South,51.06,48.94,29.79,17.02,8.51,2.13,2.13,10.64,0
37075,NC,South,100,0,100,0,0,0,0,0,0
37079,NC,South,83.33,83.33,33.33,0,0,16.67,0,33.33,0
37081,NC,South,59.46,62.16,27.03,5.41,13.51,8.11,2.7,10.81,8.11
37083,NC,South,90,50,80,0,10,10,0,0,0
37085,NC,South,40,40,20,0,40,20,40,0,0
37087,NC,South,62.07,79.31,31.03,0,13.79,0,3.45,6.9,3.45
37089,NC,South,75,66.67,33.33,20.83,12.5,12.5,0,16.67,0
37091,NC,South,0,100,0,0,0,0,0,0,0
37097,NC,South,100,54.55,81.82,0,0,9.09,0,18.18,0
37101,NC,South,80,50,40,10,20,0,10,10,10
37105,NC,South,59.09,72.73,40.91,0,22.73,4.55,13.64,0,4.55
37109,NC,South,66.67,66.67,66.67,0,0,33.33,0,0,0
37111,NC,South,100,100,100,0,0,0,0,0,100
37113,NC,South,80,0,60,0,60,20,0,0,0
37119,NC,South,52.73,65.62,25.78,11.33,8.59,5.86,3.12,9.38,1.56
37125,NC,South,100,0,75,0,0,0,0,25,0
37127,NC,South,71.79,48.72,53.85,10.26,12.82,10.26,5.13,15.38,10.26
37129,NC,South,63.41,46.34,31.71,31.71,14.63,4.88,12.2,21.95,0
37133,NC,South,62.5,37.5,37.5,0,62.5,0,0,0,0
37135,NC,South,59.33,60,20.67,28.67,5.33,9.33,11.33,4.67,2
37147,NC,South,66.67,66.67,66.67,0,16.67,0,16.67,0,0
37149,NC,South,100,0,50,0,50,0,0,0,50
37153,NC,South,80,40,100,0,80,0,0,20,0
37155,NC,South,92,40,60,8,0,0,0,24,12
37159,NC,South,52.38,66.67,28.57,4.76,23.81,4.76,9.52,14.29,0
37161,NC,South,0,25,25,0,25,0,0,0,0
37163,NC,South,100,0,100,0,50,0,0,0,0
37171,NC,South,50,50,0,0,0,0,0,0,0
37173,NC,South,68.18,68.18,50,18.18,18.18,9.09,4.55,0,4.55
37181,NC,South,100,100,0,0,0,0,0,100,0
37183,NC,South,51.91,62.3,22.54,19.13,12.43,4.92,10.25,4.78,0.82
37187,NC,South,80,60,80,0,0,0,0,60,20
37189,NC,South,91.18,35.29,73.53,5.88,20.59,5.88,2.94,8.82,8.82
37191,NC,South,80,100,40,0,0,0,20,0,20
37193,NC,South,72.73,18.18,63.64,0,9.09,0,0,0,0
37195,NC,South,100,75,50,0,0,0,0,0,0
38017,ND,Midwest,80,60,60,0,40,0,0,0,0
39003,OH,Midwest,40,60,40,16.67,16.67,6.67,0,13.33,3.33
39005,OH,Midwest,0,100,0,0,0,0,0,0,0
39007,OH,Midwest,100,50,75,0,50,12.5,0,0,0
39013,OH,Midwest,100,75,50,0,0,0,25,0,0
39017,OH,Midwest,79.41,32.35,41.18,14.71,14.71,0,5.88,0,2.94
39023,OH,Midwest,80,20,60,40,0,10,10,10,10
39025,OH,Midwest,87.5,12.5,12.5,25,37.5,0,0,0,0
39027,OH,Midwest,100,100,100,0,0,0,0,0,0
39035,OH,Midwest,46.24,38.15,32.95,38.73,12.72,12.72,4.62,2.89,1.16
39041,OH,Midwest,87.5,12.5,75,25,37.5,0,0,0,0
39043,OH,Midwest,63.64,54.55,45.45,0,27.27,0,9.09,9.09,0
39045,OH,Midwest,40,60,40,0,0,0,20,20,0
39047,OH,Midwest,100,100,0,33.33,33.33,33.33,33.33,0,0
39049,OH,Midwest,31.4,50.32,16.34,36.56,6.67,7.96,3.87,3.87,0.65
39057,OH,Midwest,55.56,22.22,44.44,27.78,5.56,0,5.56,5.56,0
39059,OH,Midwest,0,100,100,0,0,0,100,0,0
39061,OH,Midwest,56.4,45.97,36.02,29.86,15.64,9.95,8.06,3.79,1.9
39063,OH,Midwest,66.67,33.33,66.67,0,33.33,0,0,0,0
39069,OH,Midwest,0,0,0,100,100,0,0,0,0
39071,OH,Midwest,100,0,100,0,0,0,0,0,0
39073,OH,Midwest,83.33,33.33,66.67,0,0,16.67,16.67,16.67,0
39083,OH,Midwest,0,100,100,0,0,0,100,0,0
39085,OH,Midwest,0,50,0,50,50,0,0,0,0
39089,OH,Midwest,50,50,75,25,50,0,25,0,25
39093,OH,Midwest,83.33,41.67,50,8.33,16.67,8.33,0,8.33,8.33
39095,OH,Midwest,59.7,43.28,37.31,10.45,13.43,1.49,2.99,10.45,2.99
39099,OH,Midwest,25,41.67,33.33,16.67,16.67,0,0,0,8.33
39103,OH,Midwest,57.14,100,14.29,14.29,21.43,7.14,0,0,14.29
39109,OH,Midwest,71.43,57.14,57.14,0,14.29,14.29,14.29,14.29,0
39113,OH,Midwest,65.98,34.02,50.52,25.77,18.56,7.22,13.4,3.09,3.09
39119,OH,Midwest,100,100,100,0,0,0,0,0,0
39123,OH,Midwest,66.67,66.67,66.67,0,33.33,0,0,33.33,33.33
39133,OH,Midwest,77.78,33.33,44.44,11.11,11.11,0,0,11.11,0
39135,OH,Midwest,100,66.67,66.67,0,66.67,0,0,0,33.33
39139,OH,Midwest,66.67,0,33.33,33.33,33.33,33.33,0,0,0
39141,OH,Midwest,100,50,50,0,0,0,0,0,0
39143,OH,Midwest,50,25,50,25,25,0,25,0,0
39151,OH,Midwest,40,40,40,0,0,40,0,0,0
39153,OH,Midwest,73.12,29.03,58.06,12.9,15.05,6.45,4.3,10.75,3.23
39157,OH,Midwest,100,0,100,0,100,0,0,0,0
39161,OH,Midwest,100,66.67,33.33,0,33.33,66.67,33.33,66.67,0
39165,OH,Midwest,68.18,36.36,40.91,33.64,15.45,11.82,4.55,6.36,2.73
39169,OH,Midwest,75,50,100,0,25,0,0,25,0
39173,OH,Midwest,76.19,33.33,61.9,9.52,23.81,23.81,4.76,4.76,0
40005,OK,South,100,100,0,0,0,0,0,0,0
40009,OK,South,0,100,0,0,0,0,0,100,0
40013,OK,South,100,0,100,0,0,0,100,0,0
40017,OK,South,84.62,42.31,38.46,0,30.77,15.38,11.54,30.77,11.54
40019,OK,South,76.92,30.77,46.15,23.08,23.08,0,0,46.15,23.08
40021,OK,South,0,100,0,0,0,0,0,0,0
40027,OK,South,50,66.67,33.33,16.67,33.33,0,16.67,33.33,0
40033,OK,South,0,66.67,33.33,0,33.33,33.33,33.33,33.33,0
40039,OK,South,75,37.5,62.5,0,12.5,0,0,0,37.5
40099,OK,South,0,100,0,0,0,0,0,0,0
40101,OK,South,100,0,100,0,0,100,0,0,0
40103,OK,South,50,50,40,10,30,10,10,20,0
40109,OK,South,66.67,30.77,66.67,5.13,15.38,17.95,23.08,17.95,2.56
40121,OK,South,100,100,100,0,0,0,0,0,0
40123,OK,South,100,0,100,0,100,0,0,0,0
40133,OK,South,100,0,100,0,0,0,0,0,0
40143,OK,South,77.78,22.22,77.78,27.78,16.67,11.11,27.78,0,0
40145,OK,South,100,0,100,100,0,0,0,0,0
40147,OK,South,100,100,100,0,0,0,0,0,0
41001,OR,West,50,50,50,12.5,25,0,12.5,12.5,0
41003,OR,West,42.02,68.91,23.53,31.09,5.04,6.72,2.52,3.36,0
41005,OR,West,51.76,75.71,23.45,11.56,5.19,7.71,5.03,2.85,2.01
41007,OR,West,54.75,74.3,32.4,3.91,10.06,6.7,7.82,5.59,9.5
41009,OR,West,75.76,90.91,18.18,3.03,6.06,9.09,0,0,3.03
41011,OR,West,68.89,48.89,62.22,17.78,13.33,13.33,8.89,15.56,2.22
41015,OR,West,76.19,61.9,45.24,4.76,4.76,4.76,7.14,0,0
41017,OR,West,67.61,76.06,35.21,11.27,11.27,1.41,5.63,14.08,9.86
41019,OR,West,73.38,77.27,30.52,3.25,18.83,3.25,12.34,10.39,6.49
41021,OR,West,48.48,81.82,21.21,6.06,15.15,9.09,9.09,21.21,18.18
41023,OR,West,100,0,100,0,0,0,0,0,0
41025,OR,West,100,100,100,0,0,0,100,100,0
41027,OR,West,82.08,86.38,14.34,1.79,3.94,3.58,3.94,2.51,0.72
41029,OR,West,55.77,73.72,28.85,8.33,8.97,12.18,7.05,11.54,3.21
41031,OR,West,56.52,78.26,26.09,0,0,0,8.7,0,0
41033,OR,West,63.31,65.47,34.53,5.76,7.19,4.32,10.07,7.91,5.76
41035,OR,West,83.33,16.67,50,0,33.33,0,0,33.33,16.67
41039,OR,West,64.52,70.71,29.76,13.57,7.38,5,5.24,6.67,4.76
41041,OR,West,72.15,79.75,25.74,6.75,15.61,2.95,7.59,5.06,5.49
41043,OR,West,61.67,87.5,16.67,7.08,6.25,2.5,4.17,2.08,5.42
41045,OR,West,62.5,87.5,87.5,25,0,0,0,25,0
41047,OR,West,54.34,79.26,21.98,6.2,14.32,6.76,5.3,4.28,5.41
41051,OR,West,44.39,75.98,24.09,13.21,6.44,6.77,5.91,2.39,1.99
41053,OR,West,75.13,85.28,23.35,5.08,9.64,3.05,3.55,2.54,8.12
41055,OR,West,33.33,100,0,0,33.33,0,0,0,0
41057,OR,West,58.82,77.94,25,2.94,8.82,7.35,4.41,13.24,7.35
41059,OR,West,83.33,50,44.44,0,16.67,5.56,5.56,5.56,11.11
41063,OR,West,100,0,0,0,100,0,0,100,0
41065,OR,West,89.38,88.75,8.12,0.62,5,0.62,1.25,5,1.25
41067,OR,West,42.98,79.63,19.73,12.59,5.93,8.26,4.89,1.92,2.09
41069,OR,West,100,100,0,0,0,0,100,100,0
41071,OR,West,69.64,73.21,32.14,7.14,5.95,4.17,6.55,0.6,1.79
42001,PA,Northeast,100,50,100,0,0,0,0,0,0
42003,PA,Northeast,53.78,51.64,23.97,23.11,15.55,5.28,10.84,4.14,1.43
42007,PA,Northeast,60,100,40,0,0,0,0,40,0
42009,PA,Northeast,25,25,50,0,25,25,0,25,0
42011,PA,Northeast,82.61,26.09,65.22,30.43,17.39,17.39,4.35,8.7,0
42013,PA,Northeast,45.83,58.33,37.5,4.17,12.5,0,4.17,4.17,8.33
42017,PA,Northeast,48.48,54.55,31.31,20.2,20.2,9.09,4.04,8.08,3.03
42019,PA,Northeast,58.62,55.17,29.31,6.9,10.34,3.45,10.34,17.24,1.72
42021,PA,Northeast,100,50,100,25,0,0,25,25,25
42025,PA,Northeast,100,38.46,38.46,0,15.38,23.08,0,23.08,15.38
42027,PA,Northeast,58.82,64.71,41.18,0,14.71,2.94,14.71,17.65,5.88
42029,PA,Northeast,63.64,42.66,38.46,34.97,25.87,5.59,11.19,2.8,3.5
42031,PA,Northeast,100,0,0,0,0,0,0,0,0
42033,PA,Northeast,100,100,100,0,0,0,0,0,0
42037,PA,Northeast,75,18.75,50,18.75,12.5,6.25,25,0,9.38
42041,PA,Northeast,50,69.57,30.43,6.52,21.74,2.17,6.52,4.35,2.17
42043,PA,Northeast,62.94,45.29,38.82,21.76,18.24,19.41,8.82,14.12,5.29
42045,PA,Northeast,39.42,62.5,40.38,15.38,12.5,16.35,3.85,2.88,2.88
42049,PA,Northeast,93.75,12.5,68.75,0,12.5,0,6.25,0,0
42051,PA,Northeast,60,80,80,0,20,0,0,80,0
42055,PA,Northeast,85.71,28.57,42.86,14.29,85.71,0,28.57,14.29,28.57
42057,PA,Northeast,0,0,100,100,0,0,0,0,0
42059,PA,Northeast,100,100,50,0,0,0,0,0,0
42063,PA,Northeast,62.16,64.86,37.84,13.51,2.7,5.41,5.41,10.81,10.81
42069,PA,Northeast,75,25,50,18.75,25,0,12.5,18.75,0
42071,PA,Northeast,57.29,75,39.58,12.5,11.46,15.62,8.33,7.29,4.17
42075,PA,Northeast,66.67,22.22,44.44,11.11,22.22,0,22.22,0,0
42077,PA,Northeast,86.79,18.87,52.83,3.77,26.42,11.32,9.43,3.77,15.09
42079,PA,Northeast,53.33,20,66.67,20,13.33,26.67,0,20,0
42081,PA,Northeast,57.14,14.29,85.71,0,42.86,0,0,0,0
42083,PA,Northeast,100,50,0,0,0,50,0,0,0
42085,PA,Northeast,100,100,0,0,0,0,0,100,0
42089,PA,Northeast,100,0,100,0,0,0,0,0,100
42091,PA,Northeast,55.16,43.5,32.06,26.23,20.63,12.33,13.9,3.14,4.26
42093,PA,Northeast,100,100,50,0,0,0,0,50,0
42095,PA,Northeast,45.83,41.67,50,12.5,33.33,4.17,0,12.5,4.17
42101,PA,Northeast,47.46,56.52,36.23,27.9,8.7,11.96,5.43,6.16,3.26
42103,PA,Northeast,100,0,100,0,0,0,0,0,0
42107,PA,Northeast,100,50,100,0,0,0,0,0,0
42109,PA,Northeast,28.57,57.14,57.14,0,42.86,14.29,14.29,0,28.57
42111,PA,Northeast,61.54,30.77,61.54,7.69,15.38,0,0,23.08,0
42119,PA,Northeast,72.22,27.78,33.33,27.78,44.44,27.78,11.11,22.22,5.56
42123,PA,Northeast,100,100,100,0,0,0,0,0,0
42125,PA,Northeast,47.62,73.81,21.43,7.14,26.19,9.52,11.9,11.9,0
42129,PA,Northeast,13.33,66.67,26.67,6.67,6.67,0,0,6.67,0
42131,PA,Northeast,100,100,100,0,0,0,0,0,100
42133,PA,Northeast,81.82,9.09,72.73,9.09,27.27,18.18,0,0,0
44001,RI,Northeast,71.43,42.86,57.14,14.29,14.29,14.29,14.29,0,0
44003,RI,Northeast,50,30,57.14,40,12.86,2.86,7.14,2.86,0
44005,RI,Northeast,53.85,30.77,53.85,35.9,15.38,7.69,12.82,2.56,0
44007,RI,Northeast,47.56,47.56,46.34,30.49,9.76,3.66,10.98,4.88,0
44009,RI,Northeast,58.33,54.17,50,16.67,4.17,12.5,8.33,4.17,0
45003,SC,South,60,60,30,0,10,0,0,20,10
45007,SC,South,100,30.43,82.61,4.35,17.39,17.39,8.7,17.39,8.7
45013,SC,South,70,60,60,0,20,0,0,10,0
45015,SC,South,100,66.67,33.33,0,0,0,0,0,0
45019,SC,South,75,48.08,55.77,13.46,23.08,23.08,5.77,11.54,0
45025,SC,South,60,20,80,0,0,0,0,20,0
45031,SC,South,60,40,80,0,0,0,20,0,0
45033,SC,South,100,0,100,0,0,0,0,0,0
45041,SC,South,81.25,68.75,56.25,18.75,18.75,12.5,0,25,0
45043,SC,South,80,30,70,0,20,10,20,10,20
45045,SC,South,62.07,60.92,25.29,10.92,16.67,8.05,8.05,22.99,4.6
45051,SC,South,57.58,55.56,38.38,15.15,21.21,3.03,2.02,13.13,2.02
45053,SC,South,66.67,58.33,58.33,33.33,58.33,0,0,16.67,8.33
45059,SC,South,66.67,66.67,33.33,0,33.33,0,0,33.33,0
45063,SC,South,35.71,71.43,21.43,10.71,14.29,3.57,3.57,14.29,3.57
45073,SC,South,58.33,66.67,50,0,16.67,8.33,0,8.33,0
45075,SC,South,77.55,30.61,63.27,8.16,8.16,0,4.08,12.24,6.12
45077,SC,South,50,50,41.67,8.33,8.33,8.33,33.33,16.67,0
45079,SC,South,50,61.9,40.48,7.14,14.29,10.71,9.52,9.52,1.19
45083,SC,South,66.67,42.42,36.36,42.42,24.24,9.09,9.09,21.21,0
45085,SC,South,50,0,50,50,0,0,0,0,0
45087,SC,South,66.67,100,66.67,33.33,0,0,0,0,0
45091,SC,South,52.17,78.26,32.61,15.22,19.57,6.52,2.17,6.52,0
46013,SD,Midwest,100,0,0,0,100,0,0,0,0
46033,SD,Midwest,76.92,23.08,38.46,15.38,30.77,7.69,7.69,30.77,0
46035,SD,Midwest,72.73,27.27,54.55,0,13.64,0,9.09,13.64,4.55
46063,SD,Midwest,100,100,100,0,100,0,0,0,0
46065,SD,Midwest,0,0,0,0,100,0,0,0,0
46075,SD,Midwest,93.75,31.25,87.5,6.25,0,6.25,0,18.75,12.5
46081,SD,Midwest,100,33.33,66.67,33.33,66.67,0,33.33,33.33,0
46099,SD,Midwest,66.67,0,66.67,0,66.67,0,0,33.33,0
46101,SD,Midwest,0,100,100,0,0,0,0,0,0
46103,SD,Midwest,60,60,66.67,6.67,6.67,0,0,20,6.67
46125,SD,Midwest,100,0,100,0,0,0,0,0,0
47001,TN,South,62.5,62.5,12.5,0,0,31.25,12.5,18.75,0
47003,TN,South,25,25,75,0,25,0,0,0,0
47009,TN,South,62.5,25,50,12.5,0,12.5,12.5,12.5,0
47011,TN,South,29.63,85.19,11.11,7.41,3.7,3.7,0,7.41,0
47013,TN,South,50,50,25,25,0,0,25,0,25
47021,TN,South,40,90,20,20,0,0,0,0,0
47029,TN,South,50,37.5,37.5,0,12.5,0,37.5,0,12.5
47031,TN,South,38.95,93.68,12.63,6.32,6.32,3.16,1.05,2.11,3.16
47035,TN,South,26.32,84.21,21.05,10.53,5.26,0,5.26,5.26,5.26
47037,TN,South,45.76,63.68,34.38,21.31,8.47,8.47,3.15,4.12,2.18
47041,TN,South,100,50,50,0,50,0,0,50,0
47043,TN,South,100,50,40,0,30,30,0,10,10
47051,TN,South,71.43,28.57,71.43,14.29,0,0,0,0,0
47055,TN,South,50,75,50,0,0,0,0,0,0
47057,TN,South,50,100,0,0,0,0,0,0,0
47059,TN,South,50,50,100,0,0,0,0,0,0
47063,TN,South,0,100,0,0,0,0,0,0,0
47065,TN,South,38.81,61.57,35.07,25.75,11.57,8.21,7.46,4.48,2.24
47071,TN,South,0,100,0,0,0,0,0,0,0
47079,TN,South,25,75,50,0,0,0,0,25,0
47089,TN,South,50,50,50,0,0,0,0,0,0
47093,TN,South,49.35,66.23,40.91,14.94,7.79,17.53,1.3,7.14,5.19
47105,TN,South,71.43,71.43,14.29,14.29,0,0,0,14.29,0
47107,TN,South,48,92,12,8,0,0,4,0,0
47113,TN,South,44.44,88.89,11.11,33.33,33.33,0,11.11,44.44,0
47115,TN,South,43.06,86.11,15.28,19.44,2.78,1.39,4.17,1.39,2.78
47117,TN,South,0,33.33,66.67,0,0,0,0,0,0
47119,TN,South,78.95,84.21,26.32,0,5.26,5.26,0,5.26,0
47123,TN,South,100,50,50,50,0,0,0,50,0
47125,TN,South,62.5,62.5,50,20.83,41.67,8.33,8.33,4.17,4.17
47135,TN,South,50,50,0,0,50,0,0,0,0
47139,TN,South,60,60,60,0,0,0,0,0,20
47141,TN,South,60,65,35,5,0,0,0,0,5
47145,TN,South,33.33,91.67,0,0,0,0,0,0,0
47149,TN,South,48.03,62.2,26.77,28.74,14.96,6.3,1.97,1.18,1.97
47155,TN,South,55.77,63.46,36.54,15.38,9.62,9.62,1.92,5.77,0
47157,TN,South,47.83,46.38,47.83,20.29,5.8,15.94,5.8,2.9,0
47161,TN,South,100,100,100,0,0,0,0,100,0
47163,TN,South,71.43,57.14,57.14,42.86,14.29,7.14,0,0,0
47165,TN,South,41.82,63.64,27.27,25.45,16.36,3.64,0,3.64,0
47175,TN,South,75,50,50,25,0,50,0,0,0
47177,TN,South,80,60,40,0,20,20,0,0,0
47179,TN,South,100,0,100,0,50,0,0,100,0
47187,TN,South,60.54,65.9,23.75,19.16,19.54,13.79,2.68,4.21,1.92
47189,TN,South,34.38,85.94,20.31,7.81,3.12,0,7.81,4.69,0
48001,TX,South,0,100,0,0,100,0,0,0,0
48017,TX,South,0,0,100,100,0,100,0,0,0
48021,TX,South,0,0,0,0,0,0,0,0,0
48027,TX,South,61.9,33.33,52.38,28.57,28.57,4.76,4.76,4.76,4.76
48029,TX,South,54.78,56.69,35.67,23.57,10.83,7.64,1.91,3.82,1.27
48037,TX,South,0,100,50,0,100,0,0,0,0
48039,TX,South,34.78,56.52,17.39,26.09,4.35,13.04,4.35,13.04,4.35
48041,TX,South,53.85,28.21,15.38,15.38,10.26,12.82,28.21,20.51,0
48049,TX,South,100,0,0,0,0,0,100,0,0
48053,TX,South,80,40,20,20,20,0,0,0,0
48055,TX,South,100,0,100,100,0,0,0,0,0
48061,TX,South,50,50,50,0,0,0,0,0,0
48085,TX,South,44.62,46.15,27.69,30,11.54,9.23,5.38,5.38,0
48089,TX,South,79.17,41.67,41.67,0,8.33,0,0,16.67,4.17
48091,TX,South,100,100,100,0,0,0,0,0,0
48109,TX,South,100,0,100,0,0,0,0,100,0
48113,TX,South,49.61,56.4,23.06,23.06,11.24,7.17,6.01,11.43,1.94
48121,TX,South,39.42,54.01,27.01,31.39,7.3,4.38,4.38,8.03,0
48129,TX,South,100,0,0,0,100,0,0,100,0
48141,TX,South,28.57,57.14,28.57,28.57,3.57,14.29,10.71,7.14,0
48149,TX,South,100,0,0,0,0,100,0,0,0
48157,TX,South,54.55,56.82,27.27,15.91,9.09,25,4.55,11.36,6.82
48163,TX,South,50,50,100,0,0,0,0,50,0
48167,TX,South,42.42,57.58,33.33,24.24,21.21,33.33,0,21.21,9.09
48171,TX,South,63.16,68.42,26.32,5.26,15.79,21.05,10.53,21.05,0
48181,TX,South,87.5,25,50,0,25,0,12.5,0,25
48183,TX,South,100,0,25,0,50,0,0,0,0
48201,TX,South,45.61,59.8,25.68,21.28,9.8,5.74,5.74,9.46,1.69
48203,TX,South,100,0,100,0,100,0,0,0,0
48205,TX,South,100,50,100,0,100,0,50,0,0
48209,TX,South,75,42.5,32.5,20,7.5,5,2.5,12.5,2.5
48215,TX,South,75,25,25,0,25,0,0,0,50
48217,TX,South,33.33,91.67,25,0,16.67,8.33,8.33,8.33,0
48227,TX,South,100,0,100,0,0,100,0,0,0
48231,TX,South,100,50,50,0,25,0,0,25,0
48245,TX,South,100,60,60,0,0,20,40,20,20
48251,TX,South,100,50,100,50,0,0,0,0,0
48259,TX,South,100,0,0,0,0,0,0,0,0
48265,TX,South,27.27,90.91,9.09,0,9.09,0,0,9.09,9.09
48273,TX,South,100,50,100,0,50,0,0,50,0
48279,TX,South,100,0,0,100,0,0,0,0,0
48297,TX,South,75,37.5,62.5,0,12.5,0,25,12.5,12.5
48299,TX,South,66.67,66.67,33.33,0,33.33,0,0,33.33,0
48303,TX,South,33.33,33.33,100,0,33.33,0,0,33.33,0
48309,TX,South,68.42,13.16,71.05,5.26,23.68,7.89,0,28.95,10.53
48339,TX,South,34.55,63.64,27.27,20,9.09,1.82,1.82,10.91,0
48341,TX,South,100,33.33,33.33,0,33.33,0,0,33.33,0
48347,TX,South,100,100,0,0,0,0,100,100,0
48349,TX,South,62.07,31.03,55.17,13.79,0,0,0,10.34,6.9
48355,TX,South,27.27,90.91,45.45,0,0,0,0,0,9.09
48359,TX,South,50,50,50,0,50,50,0,0,0
48367,TX,South,60,60,0,0,20,0,0,40,0
48371,TX,South,100,25,0,0,50,0,0,50,0
48375,TX,South,63.64,45.45,54.55,9.09,27.27,9.09,0,45.45,18.18
48381,TX,South,60,60,40,0,20,0,0,0,0
48389,TX,South,50,0,100,0,0,100,0,0,0
48397,TX,South,80,80,0,0,20,20,0,40,20
48415,TX,South,66.67,33.33,33.33,33.33,0,33.33,0,0,0
48423,TX,South,60,60,20,40,0,20,0,20,0
48439,TX,South,41.1,62.3,20.16,24.35,11.26,5.24,3.93,7.33,0.26
48441,TX,South,100,33.33,66.67,0,0,33.33,0,33.33,0
48453,TX,South,65.79,52.39,35.89,16.99,8.61,11.48,6.94,5.98,0.96
48463,TX,South,100,50,50,0,0,100,0,0,0
48467,TX,South,50,100,0,0,50,50,0,100,0
48469,TX,South,100,0,100,0,0,0,0,50,50
48471,TX,South,54.84,25.81,48.39,19.35,9.68,0,0,9.68,6.45
48473,TX,South,100,100,100,0,0,100,0,0,0
48477,TX,South,100,100,100,0,0,0,0,0,0
48483,TX,South,72.73,36.36,81.82,0,0,9.09,9.09,18.18,18.18
48485,TX,South,100,0,100,0,50,0,0,50,0
48487,TX,South,100,50,0,0,50,0,0,100,0
48491,TX,South,66,58,36,2,8,16,2,6,2
49001,UT,West,73.33,46.67,40,13.33,0,6.67,0,33.33,6.67
49003,UT,West,66.67,0,100,0,0,0,0,33.33,0
49005,UT,West,61.11,61.11,61.11,0,22.22,0,5.56,22.22,0
49007,UT,West,66.67,66.67,66.67,0,0,0,16.67,16.67,0
49011,UT,West,72.37,53.95,25,13.16,21.05,7.89,13.16,6.58,5.26
49015,UT,West,70,40,43.33,13.33,13.33,3.33,0,26.67,10
49017,UT,West,87.5,0,75,0,25,37.5,12.5,12.5,0
49019,UT,West,76.92,46.15,61.54,23.08,7.69,0,7.69,23.08,15.38
49021,UT,West,50,50,25,0,0,50,25,50,0
49023,UT,West,75,0,100,0,0,0,0,0,0
49027,UT,West,100,25,50,0,0,25,0,0,0
49035,UT,West,47.6,62.21,22.13,18.16,12.53,7.31,6.05,2.92,1.04
49037,UT,West,92.86,21.43,92.86,7.14,14.29,14.29,7.14,14.29,28.57
49041,UT,West,76.47,23.53,58.82,17.65,11.76,5.88,0,23.53,5.88
49043,UT,West,59.38,53.12,46.88,21.88,9.38,3.12,0,25,9.38
49045,UT,West,75,25,50,25,0,0,25,25,0
49047,UT,West,50,50,100,50,0,50,0,0,0
49049,UT,West,58.42,71.29,23.76,10.89,8.91,15.84,2.97,5.94,2.97
49053,UT,West,72.34,44.68,59.57,19.15,12.77,17.02,2.13,27.66,4.26
49057,UT,West,61.9,76.19,23.81,19.05,9.52,0,0,4.76,4.76
50001,VT,Northeast,56.1,73.17,31.71,4.88,9.76,14.63,9.76,14.63,2.44
50003,VT,Northeast,75,43.75,25,12.5,12.5,0,37.5,31.25,0
50005,VT,Northeast,75,20,50,5,35,20,15,10,20
50007,VT,Northeast,57.2,59.09,21.21,14.02,22.35,7.58,17.8,8.33,1.52
50011,VT,Northeast,61.9,66.67,47.62,14.29,9.52,23.81,14.29,23.81,9.52
50015,VT,Northeast,81.25,56.25,68.75,12.5,6.25,6.25,6.25,12.5,0
50017,VT,Northeast,100,50,66.67,0,16.67,0,0,0,0
50019,VT,Northeast,100,25,100,0,0,0,0,0,25
50021,VT,Northeast,56,80,28,2,8,16,6,20,6
50023,VT,Northeast,52.14,69.29,27.14,11.43,15,15.71,5,4.29,5
50025,VT,Northeast,66.15,40,41.54,6.15,13.85,3.08,12.31,13.85,4.62
50027,VT,Northeast,54.84,66.13,35.48,12.9,11.29,14.52,6.45,16.13,1.61
51001,VA,South,0,66.67,33.33,0,33.33,0,0,0,0
51003,VA,South,61.29,64.52,48.39,6.45,32.26,19.35,3.23,32.26,0
51005,VA,South,100,0,100,0,0,0,0,0,0
51013,VA,South,52.43,49.65,34.72,25.69,7.99,13.19,9.03,3.47,1.04
51015,VA,South,60,0,100,0,0,0,0,0,0
51019,VA,South,100,33.33,33.33,0,33.33,0,0,33.33,0
51023,VA,South,100,100,100,0,0,0,0,0,0
51035,VA,South,100,0,100,0,0,0,0,0,0
51041,VA,South,41.46,53.66,29.27,24.39,31.71,2.44,2.44,0,0
51043,VA,South,100,0,100,0,0,0,0,0,0
51059,VA,South,55.1,53.53,30.14,19.47,11.77,16.64,7.22,3.45,1.88
51061,VA,South,62.5,75,50,12.5,0,37.5,0,12.5,12.5
51063,VA,South,100,20,60,0,20,0,0,20,0
51069,VA,South,57.14,50,50,28.57,64.29,14.29,7.14,0,35.71
51081,VA,South,0,100,0,0,0,0,0,0,0
51085,VA,South,57.75,60.56,26.76,7.04,14.08,7.04,8.45,9.86,4.23
51087,VA,South,60,45.83,31.67,15.83,11.67,3.33,2.5,17.5,5
51089,VA,South,66.67,33.33,66.67,0,33.33,0,0,33.33,33.33
51095,VA,South,29.63,77.78,22.22,3.7,14.81,0,22.22,3.7,0
51107,VA,South,42.27,63.56,23.62,18.08,7.87,5.83,18.66,3.21,2.04
51113,VA,South,100,100,100,0,0,0,0,0,0
51117,VA,South,76.47,29.41,70.59,2.94,5.88,0,0,8.82,8.82
51121,VA,South,75,50,57.14,14.29,25,3.57,0,21.43,0
51127,VA,South,44.44,69.44,27.78,8.33,11.11,2.78,5.56,8.33,0
51139,VA,South,71.43,42.86,57.14,0,28.57,0,14.29,0,0
51147,VA,South,100,0,100,0,0,0,0,0,0
51149,VA,South,100,33.33,66.67,0,0,0,0,0,0
51153,VA,South,60.17,55.93,35.59,12.71,8.47,8.47,8.47,9.32,2.54
51155,VA,South,100,25,75,0,0,25,25,0,0
51161,VA,South,66.67,33.33,0,0,66.67,33.33,66.67,0,0
51163,VA,South,80,100,100,20,40,60,0,40,20
51165,VA,South,60,20,20,20,0,40,0,0,0
51171,VA,South,62.5,50,25,12.5,0,25,0,0,0
51173,VA,South,25,25,100,25,0,0,0,25,0
51177,VA,South,60,60,43.33,6.67,40,3.33,3.33,3.33,0
51179,VA,South,52.94,52.94,47.06,5.88,41.18,0,0,0,0
51197,VA,South,90,30,80,10,20,0,0,0,0
51199,VA,South,68.57,57.14,51.43,5.71,20,2.86,2.86,0,0
51510,VA,South,56.94,37.5,50,18.06,6.94,15.28,6.94,8.33,1.39
51540,VA,South,66.67,60,31.11,11.11,20,4.44,8.89,22.22,0
51550,VA,South,72,48,68,8,36,4,0,4,8
51570,VA,South,33.33,33.33,16.67,33.33,50,50,0,0,0
51590,VA,South,66.67,33.33,66.67,33.33,0,33.33,0,0,0
51595,VA,South,100,0,100,0,0,0,0,0,0
51600,VA,South,42.42,75.76,36.36,24.24,33.33,3.03,3.03,0,3.03
51610,VA,South,50,75,50,0,25,0,0,0,0
51630,VA,South,0,0,0,100,0,0,0,0,0
51650,VA,South,46.43,46.43,39.29,28.57,25,10.71,17.86,3.57,10.71
51660,VA,South,75,39.29,50,8.93,26.79,19.64,14.29,14.29,3.57
51678,VA,South,20,40,80,40,20,40,20,0,0
51683,VA,South,76.19,66.67,47.62,9.52,4.76,14.29,9.52,0,0
51700,VA,South,61.02,40.68,50.85,16.95,23.73,15.25,6.78,5.08,0
51710,VA,South,60.78,41.18,45.1,11.76,19.61,1.96,11.76,1.96,0
51730,VA,South,66.67,33.33,0,66.67,66.67,0,0,33.33,0
51740,VA,South,83.33,16.67,100,0,33.33,0,33.33,16.67,16.67
51760,VA,South,74.47,44.68,34.04,12.77,6.38,19.15,14.89,10.64,2.13
51770,VA,South,58.97,51.28,33.33,17.95,20.51,2.56,5.13,17.95,2.56
51790,VA,South,35.29,88.24,29.41,0,17.65,5.88,5.88,29.41,11.76
51800,VA,South,66.67,33.33,33.33,33.33,0,0,0,33.33,0
51810,VA,South,61.62,42.42,33.33,16.16,16.16,1.01,12.12,7.07,2.02
51820,VA,South,80,40,60,0,20,0,0,0,20
51830,VA,South,68,20,52,24,4,16,8,0,0
53001,WA,West,65.71,57.14,34.29,11.43,8.57,22.86,2.86,31.43,11.43
53003,WA,West,100,33.33,100,0,0,0,0,0,0
53005,WA,West,77.14,54.29,40,20,11.43,8.57,0,11.43,2.86
53007,WA,West,70.91,67.27,35.15,4.85,7.88,9.09,8.48,13.94,3.03
53009,WA,West,87.69,44.62,44.62,7.69,32.31,7.69,9.23,20,6.15
53011,WA,West,51.21,81.08,17.81,6.86,7.61,5.38,5.38,2.04,2.97
53013,WA,West,100,100,50,0,0,0,0,100,50
53015,WA,West,68.94,69.57,35.4,4.35,9.32,1.24,7.45,1.86,8.07
53017,WA,West,100,41.67,50,8.33,16.67,16.67,8.33,16.67,0
53021,WA,West,83.33,50,50,16.67,33.33,33.33,16.67,0,16.67
53025,WA,West,90,60,60,5,15,15,5,45,10
53027,WA,West,66.67,66.67,59.26,0,18.52,18.52,7.41,14.81,11.11
53029,WA,West,75.61,46.34,58.54,17.07,7.32,31.71,2.44,2.44,7.32
53031,WA,West,83.93,33.93,48.21,10.71,12.5,12.5,8.93,8.93,16.07
53033,WA,West,47.51,69.22,25.26,13.88,7.56,10.4,5.11,3.7,1.46
53035,WA,West,58.39,67.11,34.9,10.74,2.68,10.74,4.7,3.36,4.03
53037,WA,West,68.89,52.59,38.52,13.33,17.04,11.11,5.93,16.3,6.67
53039,WA,West,75,0,50,0,0,50,50,25,0
53041,WA,West,68.53,61.75,25.1,8.76,7.17,0.8,5.18,9.96,7.57
53045,WA,West,69.57,30.43,60.87,30.43,13.04,8.7,4.35,4.35,0
53047,WA,West,85.71,47.62,54.76,2.38,2.38,0,4.76,19.05,0
53049,WA,West,100,0,66.67,11.11,33.33,11.11,0,22.22,0
53053,WA,West,61,62.67,38.44,12.26,10.03,14.21,5.85,3.9,3.06
53055,WA,West,35.29,67.65,29.41,11.76,2.94,8.82,2.94,5.88,0
53057,WA,West,66.35,75.47,27.67,6.6,9.12,10.38,7.55,6.6,4.4
53059,WA,West,80,60,45,0,10,5,5,5,0
53061,WA,West,54.33,64.42,30.66,13.84,11.51,10.09,6.08,1.81,2.46
53063,WA,West,60.66,47.54,54.1,14.75,19.67,6.56,4.92,1.64,3.28
53067,WA,West,69.51,69.18,34.1,5.57,7.87,9.18,6.89,4.26,6.89
53071,WA,West,80,20,70,0,10,20,20,0,20
53073,WA,West,58.7,68.32,28.26,9.94,13.04,8.39,7.45,3.42,4.66
53075,WA,West,100,75,50,0,50,0,0,50,0
53077,WA,West,66.67,44.44,55.56,22.22,22.22,11.11,0,22.22,0
54003,WV,South,94.12,52.94,70.59,17.65,17.65,11.76,0,0,11.76
54007,WV,South,100,50,50,0,50,0,0,0,0
54011,WV,South,100,100,0,0,0,0,0,0,0
54023,WV,South,100,50,0,0,50,0,0,0,0
54025,WV,South,20,66.67,20,46.67,6.67,13.33,13.33,0,0
54033,WV,South,100,20,80,20,100,0,0,0,20
54035,WV,South,50,50,50,0,0,0,50,0,0
54037,WV,South,81.25,33.33,58.33,16.67,22.92,2.08,4.17,6.25,2.08
54039,WV,South,40,30,10,30,40,30,0,10,0
54061,WV,South,69.7,30.3,57.58,3.03,27.27,9.09,15.15,18.18,6.06
54065,WV,South,92.86,28.57,71.43,0,21.43,21.43,0,0,7.14
54067,WV,South,50,50,50,50,50,0,50,0,0
54069,WV,South,81.25,18.75,43.75,12.5,31.25,0,12.5,12.5,6.25
54077,WV,South,100,100,0,0,0,0,0,0,0
54079,WV,South,40,80,0,20,0,20,0,0,20
54081,WV,South,100,25,75,0,50,0,0,0,0
54085,WV,South,100,100,0,0,0,0,0,0,0
54089,WV,South,100,66.67,33.33,33.33,0,0,0,33.33,0
54091,WV,South,100,100,0,0,0,0,0,0,0
54095,WV,South,100,100,0,0,0,0,0,0,0
54107,WV,South,66.67,100,66.67,0,0,0,0,0,0
55001,WI,Midwest,55.56,33.33,22.22,0,22.22,0,44.44,11.11,0
55009,WI,Midwest,76.92,53.85,53.85,7.69,17.95,0,5.13,15.38,0
55013,WI,Midwest,100,0,100,100,100,0,0,0,0
55019,WI,Midwest,100,0,100,0,0,0,0,0,0
55025,WI,Midwest,60.34,47.13,37.93,18.39,5.75,12.07,4.6,6.32,3.45
55027,WI,Midwest,50,50,50,50,0,0,0,0,0
55029,WI,Midwest,60,60,60,20,0,20,0,0,0
55035,WI,Midwest,76.47,41.18,76.47,11.76,11.76,0,0,11.76,0
55037,WI,Midwest,100,100,50,0,0,0,0,100,0
55039,WI,Midwest,100,100,100,0,0,100,0,100,0
55047,WI,Midwest,0,100,0,0,0,0,0,0,0
55053,WI,Midwest,100,100,0,0,0,100,0,0,0
55055,WI,Midwest,68.42,57.89,57.89,0,5.26,10.53,10.53,0,0
55057,WI,Midwest,68,44,28,12,8,0,4,40,16
55059,WI,Midwest,75.86,48.28,34.48,31.03,6.9,10.34,3.45,13.79,10.34
55061,WI,Midwest,100,100,100,0,0,0,0,0,0
55063,WI,Midwest,78.26,65.22,39.13,0,13.04,0,4.35,21.74,0
55071,WI,Midwest,100,0,0,0,0,0,0,100,0
55073,WI,Midwest,60,0,80,0,20,40,0,20,0
55079,WI,Midwest,54.55,51.52,40.61,30.91,16.97,7.27,7.27,9.7,1.82
55081,WI,Midwest,90,30,60,10,30,20,0,10,10
55083,WI,Midwest,100,0,100,0,0,0,0,0,0
55087,WI,Midwest,66.67,33.33,100,33.33,0,33.33,0,33.33,0
55089,WI,Midwest,80,0,100,0,0,0,0,20,0
55091,WI,Midwest,0,0,0,0,0,0,0,0,0
55093,WI,Midwest,100,100,100,0,0,0,0,100,0
55095,WI,Midwest,100,33.33,66.67,0,16.67,0,0,0,0
55097,WI,Midwest,33.33,33.33,66.67,0,33.33,0,0,33.33,0
55101,WI,Midwest,62.5,75,12.5,0,12.5,12.5,0,0,0
55103,WI,Midwest,0,100,0,0,0,0,0,0,0
55105,WI,Midwest,72.73,45.45,81.82,18.18,0,0,9.09,0,18.18
55109,WI,Midwest,100,100,75,0,75,0,0,25,0
55111,WI,Midwest,66.67,33.33,47.62,9.52,9.52,0,19.05,23.81,0
55113,WI,Midwest,100,0,0,0,100,0,0,0,0
55117,WI,Midwest,45.45,68.18,36.36,0,31.82,4.55,9.09,9.09,9.09
55127,WI,Midwest,48.15,81.48,62.96,14.81,22.22,0,3.7,14.81,7.41
55131,WI,Midwest,100,100,100,0,100,0,0,0,100
55133,WI,Midwest,70.19,77.88,30.77,6.73,21.15,1.92,3.85,11.54,0.96
55139,WI,Midwest,75,25,75,0,50,0,0,0,25
56005,WY,West,78.57,35.71,85.71,7.14,0,0,7.14,7.14,28.57
56011,WY,West,100,0,0,0,0,0,0,0,0
56019,WY,West,100,20,60,0,20,20,0,20,20
56021,WY,West,65.85,43.9,41.46,14.63,26.83,4.88,2.44,7.32,0
56025,WY,West,0,0,100,0,0,0,0,0,0
56027,WY,West,76.92,15.38,53.85,15.38,0,0,15.38,15.38,15.38
56029,WY,West,0,100,100,0,100,0,0,0,0
56031,WY,West,100,100,100,0,0,0,0,100,0
56033,WY,West,50,33.33,33.33,16.67,0,16.67,16.67,16.67,0
56039,WY,West,58.33,25,58.33,8.33,25,16.67,8.33,33.33,8.33
